date,tempC,maxtempC,mintempC,WindChillC,FeelsLikeC,visibilityMiles,HeatIndexC,avgtempC,windspeedMiles,winddirDegree,pressure,WindGustMiles,precipMM,totalSnow_cm,sunHour,DewPointC,humidity,uvIndex,fips
2019-01-01,-4,-4,-5,-8,-8,4,-3,-4,11,10,1023,12,1.0,1.0,3.4,-8,78,1,19163
2019-01-02,-4,-4,-7,-10,-10,5,-6,-6,7,228,1025,12,0.2,0.2,3.4,-11,65,1,19163
2019-01-03,3,3,-7,-7,-7,6,-2,-1,8,229,1015,17,0.0,0.0,8.7,-8,66,2,19163
2019-01-04,3,3,-3,-4,-4,6,0,0,9,257,1013,13,0.0,0.0,8.7,-5,72,2,19163
2019-01-05,3,3,-2,-3,-3,6,1,1,9,260,1016,14,0.0,0.0,8.7,-2,80,2,19163
2019-01-06,2,2,-3,-4,-4,6,0,0,9,105,1020,20,0.0,0.0,3.4,-1,83,1,19163
2019-01-07,10,10,4,3,3,5,6,6,11,232,1009,24,12.1,0.0,3.5,5,93,2,19163
2019-01-08,4,4,1,-1,-1,6,3,2,13,302,1016,24,0.3,0.0,5.2,-1,80,1,19163
2019-01-09,-2,-2,-9,-11,-11,6,-4,-5,14,319,1030,21,0.0,0.0,8.7,-13,53,2,19163
2019-01-10,-3,-3,-7,-8,-8,6,-4,-5,6,89,1031,7,0.0,0.0,8.7,-11,57,2,19163
2019-01-11,1,1,-3,-6,-6,6,-2,0,6,149,1026,11,0.0,0.0,8.7,-5,75,2,19163
2019-01-12,2,2,-4,-4,-4,1,0,0,7,76,1026,17,11.2,9.2,3.5,-3,83,1,19163
2019-01-13,-1,-1,-3,-5,-5,4,-2,-2,6,43,1031,12,1.4,1.4,3.5,-5,85,1,19163
2019-01-14,3,3,-10,-7,-7,6,-3,-2,7,226,1028,10,0.3,0.1,8.7,-5,86,1,19163
2019-01-15,7,7,-4,-3,-3,5,1,1,10,232,1021,14,0.2,0.1,3.5,-2,92,1,19163
2019-01-16,1,1,-6,-6,-6,5,-2,-1,8,54,1020,11,0.3,0.3,7.0,-4,85,1,19163
2019-01-17,-1,-1,-7,-8,-8,4,-3,-4,7,212,1021,9,0.1,0.0,3.5,-5,85,1,19163
2019-01-18,-3,-3,-10,-11,-11,5,-6,-6,10,64,1021,12,2.9,0.0,4.9,-7,91,1,19163
2019-01-19,-8,-8,-10,-17,-17,3,-9,-9,16,16,1024,25,5.3,0.8,4.9,-10,89,1,19163
2019-01-20,-13,-13,-17,-24,-24,6,-16,-15,9,123,1031,12,0.0,0.0,8.2,-18,82,1,19163
2019-01-21,-9,-9,-17,-21,-21,6,-12,-12,12,136,1028,18,0.0,0.0,9.8,-14,83,2,19163
2019-01-22,-1,-1,-6,-9,-9,4,-3,-3,14,144,1014,17,11.2,3.7,4.9,-5,85,1,19163
2019-01-23,-7,-7,-10,-14,-14,2,-7,-8,11,318,1015,17,9.5,8.7,4.9,-10,83,1,19163
2019-01-24,-10,-10,-15,-23,-23,3,-13,-12,14,306,1020,20,0.1,0.1,4.9,-16,80,1,19163
2019-01-25,-15,-15,-24,-28,-28,4,-19,-19,8,216,1026,12,0.7,0.3,8.3,-22,77,1,19163
2019-01-26,-17,-17,-26,-25,-25,3,-20,-20,6,179,1025,9,0.4,0.2,5.0,-22,76,1,19163
2019-01-27,-13,-13,-19,-22,-22,4,-15,-16,8,219,1019,12,1.1,0.0,8.3,-17,80,1,19163
2019-01-28,-3,-3,-12,-16,-16,2,-8,-8,18,308,1007,23,3.8,1.5,5.0,-10,84,1,19163
2019-01-29,-19,-19,-23,-31,-31,5,-20,-21,17,290,1022,23,0.0,0.0,5.0,-24,72,1,19163
2019-01-30,-28,-28,-32,-43,-43,6,-29,-30,15,279,1031,18,0.0,0.0,6.6,-33,67,1,19163
2019-01-31,-19,-19,-35,-33,-33,4,-26,-25,7,134,1031,8,2.6,1.4,5.0,-29,72,1,19163
2019-02-01,-6,-6,-19,-18,-18,3,-12,-11,7,128,1025,9,0.4,0.6,5.0,-16,76,1,19163
2019-02-02,4,4,-4,-3,-3,4,1,1,11,216,1016,21,0.6,0.0,5.0,-1,86,1,19163
2019-02-03,7,7,2,0,0,4,4,4,13,198,1006,21,0.6,0.0,5.0,4,91,1,19163
2019-02-04,7,7,0,-1,-1,6,3,3,14,283,1009,20,1.1,0.0,8.3,-1,82,1,19163
2019-02-05,1,1,-7,-9,-9,6,-4,-3,9,79,1020,12,0.2,0.0,8.3,-10,64,1,19163
2019-02-06,3,3,-1,-3,-3,4,1,1,8,57,1014,12,1.0,0.0,5.1,-1,92,1,19163
2019-02-07,8,8,1,-3,-3,2,2,6,12,224,1008,18,5.7,0.2,5.1,0,91,2,19163
2019-02-08,-12,-12,-19,-25,-25,6,-14,-14,16,290,1036,22,0.0,0.0,10.0,-21,59,1,19163
2019-02-09,-6,-6,-19,-17,-17,12,-11,-11,8,100,1042,10,0.0,0.0,10.2,-19,51,2,19163
2019-02-10,-2,-2,-7,-9,-9,6,-4,-4,8,123,1030,10,0.7,0.3,5.1,-10,63,1,19163
2019-02-11,-1,-1,-7,-8,-8,4,-3,-3,11,88,1019,15,5.8,0.2,5.1,-5,85,1,19163
2019-02-12,-1,-1,-3,-9,-9,2,-2,-2,15,297,1004,22,4.1,2.4,5.2,-4,86,1,19163
2019-02-13,-4,-4,-13,-14,-14,7,-7,-9,12,246,1016,18,0.1,0.0,10.3,-10,81,2,19163
2019-02-14,2,2,-1,-4,-4,8,0,1,14,214,1004,20,0.0,0.0,10.0,-3,85,2,19163
2019-02-15,-10,-10,-17,-20,-20,7,-12,-13,11,309,1018,16,0.0,0.0,10.8,-15,80,1,19163
2019-02-16,-4,-4,-16,-15,-15,8,-9,-9,9,76,1019,11,0.0,0.0,10.1,-12,80,1,19163
2019-02-17,-4,-4,-5,-10,-10,5,-4,-4,11,65,1015,13,6.6,2.9,5.4,-6,86,1,19163
2019-02-18,-7,-7,-9,-14,-14,6,-8,-8,7,344,1029,12,0.7,0.9,5.4,-9,89,1,19163
2019-02-19,-6,-6,-18,-14,-14,5,-10,-10,7,80,1032,7,0.1,0.0,8.5,-12,86,1,19163
2019-02-20,-1,-1,-5,-8,-8,3,-2,-2,12,159,1014,22,7.0,2.7,5.5,-3,91,1,19163
2019-02-21,-5,-5,-12,-12,-12,6,-7,-6,8,278,1024,12,0.0,0.0,10.9,-8,91,1,19163
2019-02-22,0,0,-13,-10,-10,6,-5,-3,8,82,1028,12,0.0,0.0,11.0,-7,85,1,19163
2019-02-23,2,2,-6,-4,-4,4,0,1,11,105,1011,17,13.5,0.0,5.5,0,93,1,19163
2019-02-24,-4,-4,-11,-13,-13,4,-5,-5,24,288,1011,33,1.0,0.0,5.5,-7,80,1,19163
2019-02-25,-7,-7,-14,-18,-18,6,-11,-10,10,331,1032,12,0.0,0.0,11.0,-14,76,2,19163
2019-02-26,-6,-6,-14,-16,-16,5,-9,-9,11,65,1031,15,0.4,0.3,5.5,-13,71,1,19163
2019-02-27,-8,-8,-12,-15,-15,5,-9,-10,10,324,1030,13,0.1,0.1,7.1,-12,75,1,19163
2019-02-28,-6,-6,-15,-16,-16,6,-9,-9,7,32,1029,6,0.0,0.0,8.6,-14,72,1,19163
2019-03-01,-4,-4,-9,-12,-12,6,-6,-6,10,79,1020,6,0.0,0.0,8.6,-9,78,1,19163
2019-03-02,-10,-10,-14,-20,-20,6,-11,-11,15,346,1027,13,0.0,0.0,5.6,-14,78,1,19163
2019-03-03,-11,-11,-16,-21,-21,6,-13,-13,11,327,1031,17,0.0,0.0,8.6,-17,73,1,19163
2019-03-04,-13,-13,-19,-24,-24,6,-15,-16,11,276,1028,17,0.0,0.0,7.1,-18,76,1,19163
2019-03-05,-8,-8,-15,-21,-21,5,-12,-11,14,297,1025,20,0.2,0.1,5.6,-15,78,1,19163
2019-03-06,-3,-3,-14,-15,-15,6,-9,-8,10,255,1028,14,0.0,0.0,10.1,-11,82,2,19163
2019-03-07,-3,-3,-9,-11,-11,5,-6,-6,7,94,1028,10,0.1,0.0,5.9,-9,78,1,19163
2019-03-08,3,3,-5,-5,-5,5,-2,-1,6,105,1021,10,0.0,0.0,7.3,-3,87,1,19163
2019-03-09,3,3,-3,-4,-4,4,1,1,15,102,1005,24,37.2,0.0,5.9,0,92,1,19163
2019-03-10,2,2,-2,-6,-6,4,0,1,17,283,1016,25,0.3,0.0,8.8,-3,76,1,19163
2019-03-11,5,5,-4,-3,-3,6,0,1,6,308,1030,8,0.0,0.0,11.6,-4,72,2,19163
2019-03-12,10,10,0,2,2,6,5,6,10,178,1024,16,1.2,0.0,8.8,0,71,2,19163
2019-03-13,14,14,6,8,8,5,11,12,15,157,1006,22,6.1,0.0,5.9,9,90,3,19163
2019-03-14,15,15,4,8,8,5,11,12,20,206,995,29,1.8,0.0,7.4,6,75,3,19163
2019-03-15,6,6,1,-2,-2,3,3,3,17,306,1016,24,1.0,0.7,8.8,-3,69,1,19163
2019-03-16,7,7,-2,-1,-1,6,2,3,8,289,1027,11,0.1,0.0,11.6,-5,64,2,19163
2019-03-17,6,6,-3,-2,-2,11,1,1,7,308,1026,10,4.1,2.4,11.6,-3,74,1,19163
2019-03-18,7,7,-1,1,1,12,3,4,5,303,1029,7,0.0,0.0,11.6,-3,68,2,19163
2019-03-19,10,10,1,4,4,6,5,6,5,200,1027,8,0.0,0.0,10.2,-3,55,3,19163
2019-03-20,12,12,4,5,5,5,7,8,8,278,1017,11,5.7,0.0,8.8,2,73,2,19163
2019-03-21,11,11,1,2,2,6,6,6,11,318,1018,16,0.0,0.0,11.6,0,68,3,19163
2019-03-22,10,10,4,4,4,6,6,7,9,241,1022,14,0.0,0.0,11.6,-1,62,3,19163
2019-03-23,13,13,1,5,5,6,7,8,7,172,1024,10,0.0,0.0,11.6,0,61,3,19163
2019-03-24,9,9,6,5,5,4,7,8,7,108,1019,11,9.0,0.0,6.3,6,90,2,19163
2019-03-25,8,8,-1,0,0,5,4,4,11,37,1026,15,0.5,0.0,11.6,-3,64,2,19163
2019-03-26,9,9,-1,2,2,6,4,5,5,161,1030,8,0.0,0.0,11.6,-10,36,3,19163
2019-03-27,17,17,2,7,7,6,9,10,13,193,1023,21,0.2,0.0,11.6,0,52,4,19163
2019-03-28,16,16,11,13,13,11,14,15,9,214,1017,14,0.3,0.0,6.4,8,69,3,19163
2019-03-29,10,10,6,6,6,10,8,8,8,57,1018,12,1.1,0.0,10.3,3,68,3,19163
2019-03-30,7,7,2,0,0,11,5,5,13,353,1020,19,12.1,0.0,11.6,-4,57,2,19163
2019-03-31,5,5,-3,-3,-3,6,1,1,9,318,1028,12,0.0,0.0,11.6,-11,42,2,19163
2019-04-01,11,11,0,2,2,6,5,6,12,209,1023,18,0.0,0.0,11.6,-3,54,3,19163
2019-04-02,10,10,4,4,4,6,7,7,10,266,1017,16,0.0,0.0,9.0,1,65,2,19163
2019-04-03,14,14,3,6,6,4,8,9,6,195,1024,10,2.3,0.0,9.0,2,68,2,19163
2019-04-04,9,9,6,4,4,3,7,8,13,102,1023,19,6.8,0.0,6.5,5,88,2,19163
2019-04-05,15,15,5,9,9,4,9,10,4,219,1018,6,0.4,0.0,9.0,7,84,2,19163
2019-04-06,20,20,8,12,12,5,13,14,9,175,1018,13,0.0,0.0,11.6,9,78,4,19163
2019-04-07,21,21,13,15,15,5,16,16,10,222,1010,16,4.2,0.0,7.8,13,83,4,19163
2019-04-08,22,22,12,16,16,6,17,18,8,231,1011,12,0.0,0.0,11.6,9,65,5,19163
2019-04-09,18,18,9,13,13,5,14,15,8,201,1013,12,0.2,0.0,10.3,4,53,3,19163
2019-04-10,7,7,4,1,1,4,6,5,16,85,1013,22,11.0,0.0,6.5,3,81,1,19163
2019-04-11,14,14,4,5,5,5,9,8,18,114,1001,27,17.9,0.0,6.6,6,85,2,19163
2019-04-12,8,8,1,0,0,6,4,4,16,233,1007,22,1.2,0.0,6.6,-2,65,1,19163
2019-04-13,10,10,0,2,2,6,5,6,10,276,1019,15,0.0,0.0,10.3,-2,62,3,19163
2019-04-14,6,6,2,0,0,6,3,4,11,12,1012,15,0.1,0.0,6.6,-2,69,1,19163
2019-04-15,12,12,1,5,5,6,7,7,8,166,1015,12,0.0,0.0,10.4,1,68,3,19163
2019-04-16,20,20,10,13,13,5,14,15,8,150,1011,14,1.7,0.0,6.6,12,85,4,19163
2019-04-17,20,20,12,15,15,4,16,17,13,184,1006,20,4.6,0.0,7.9,13,84,4,19163
2019-04-18,11,11,7,7,7,5,9,9,12,325,1007,17,2.1,0.0,6.6,6,77,2,19163
2019-04-19,14,14,4,6,6,6,9,10,14,10,1013,20,0.0,0.0,11.6,2,64,3,19163
2019-04-20,18,18,5,10,10,6,12,13,6,217,1012,9,0.0,0.0,11.6,2,52,4,19163
2019-04-21,25,25,11,17,17,6,18,19,11,181,1012,17,0.0,0.0,10.4,9,57,4,19163
2019-04-22,21,21,15,18,18,5,18,19,14,192,1012,22,0.6,0.0,7.9,14,75,4,19163
2019-04-23,17,17,9,11,11,6,13,12,9,134,1016,13,0.3,0.0,9.2,8,73,3,19163
2019-04-24,14,14,10,10,10,5,11,11,7,146,1014,10,1.9,0.0,9.2,6,72,3,19163
2019-04-25,20,20,9,13,13,6,13,16,7,319,1009,10,4.2,0.0,10.4,10,78,4,19163
2019-04-26,15,15,7,9,9,6,12,12,14,321,1014,19,1.6,0.0,11.6,3,57,4,19163
2019-04-27,7,7,0,1,1,4,5,5,13,77,1012,19,17.6,0.0,6.8,2,80,2,19163
2019-04-28,9,9,-1,0,0,6,4,4,10,96,1021,15,0.0,0.0,11.6,0,74,2,19163
2019-04-29,15,15,7,9,9,4,11,11,7,215,1016,11,34.3,0.0,6.8,8,87,3,19163
2019-04-30,9,9,2,6,6,4,8,9,11,83,1020,18,2.6,0.0,8.0,7,91,2,19163
2019-05-01,17,17,7,10,10,5,12,13,7,14,1014,11,6.3,0.0,8.8,9,86,3,19163
2019-05-02,13,13,10,10,10,5,11,11,7,133,1019,10,2.2,0.0,9.0,10,89,3,19163
2019-05-03,14,14,7,9,9,6,11,12,4,48,1019,7,0.1,0.0,14.5,6,75,4,19163
2019-05-04,20,20,8,14,14,6,14,16,2,108,1016,4,0.0,0.0,14.5,8,70,5,19163
2019-05-05,22,22,10,15,15,5,16,17,8,222,1012,12,4.8,0.0,14.5,10,71,5,19163
2019-05-06,17,17,13,15,15,5,15,16,8,206,1015,12,12.8,0.0,9.1,13,85,4,19163
2019-05-07,15,15,9,10,10,6,12,13,12,72,1022,16,2.1,0.0,11.3,7,75,3,19163
2019-05-08,18,18,8,10,10,5,13,13,15,119,1013,23,6.2,0.0,9.1,11,84,3,19163
2019-05-09,12,12,8,9,9,6,11,11,11,286,1009,15,2.4,0.0,9.1,8,82,3,19163
2019-05-10,14,14,6,8,8,6,10,11,6,327,1020,8,0.0,0.0,14.5,5,69,3,19163
2019-05-11,12,12,7,9,9,5,10,10,6,130,1018,9,0.5,0.0,10.2,5,72,3,19163
2019-05-12,11,11,4,6,6,5,8,9,6,43,1013,9,0.8,0.0,9.2,4,80,2,19163
2019-05-13,17,17,5,10,10,6,11,13,6,313,1015,10,0.3,0.0,14.5,6,71,3,19163
2019-05-14,16,16,9,12,12,5,12,13,5,187,1016,8,8.8,0.0,11.3,8,77,3,19163
2019-05-15,25,25,12,18,18,5,19,20,4,144,1014,6,0.6,0.0,14.5,12,69,5,19163
2019-05-16,28,28,16,21,22,5,22,22,11,216,1008,17,12.4,0.0,14.5,17,80,5,19163
2019-05-17,20,20,11,17,17,4,18,18,9,74,1009,15,16.6,0.0,9.2,16,89,4,19163
2019-05-18,25,25,10,18,18,6,20,21,12,200,1007,19,1.1,0.0,11.3,15,83,5,19163
2019-05-19,19,19,12,16,16,6,17,18,15,266,1004,21,1.2,0.0,9.2,14,82,4,19163
2019-05-20,14,14,5,8,8,6,10,10,9,241,1019,13,0.1,0.0,13.5,5,71,3,19163
2019-05-21,9,9,3,5,5,4,8,8,19,99,1014,28,20.4,0.0,9.3,6,84,2,19163
2019-05-22,24,24,13,18,18,5,19,20,15,199,1008,22,7.6,0.0,14.5,14,78,5,19163
2019-05-23,22,22,13,18,18,5,18,18,8,281,1017,12,8.9,0.0,14.5,12,72,5,19163
2019-05-24,26,26,15,20,20,5,22,21,11,185,1015,16,6.0,0.0,10.3,18,85,5,19163
2019-05-25,28,28,20,23,25,4,25,24,9,235,1012,16,33.9,0.0,9.3,20,85,5,19163
2019-05-26,24,24,16,20,20,5,20,19,6,41,1016,9,17.6,0.0,9.3,17,86,4,19163
2019-05-27,25,25,17,20,20,5,21,21,11,179,1010,18,5.3,0.0,11.4,18,88,5,19163
2019-05-28,21,21,14,17,17,5,18,17,8,43,1007,12,38.0,0.0,10.4,14,84,4,19163
2019-05-29,23,23,14,18,18,4,19,18,5,151,1006,8,46.0,0.0,9.4,16,88,4,19163
2019-05-30,23,23,17,20,20,4,21,20,6,260,1007,9,13.3,0.0,12.4,16,82,5,19163
2019-05-31,27,27,16,22,23,6,23,23,7,251,1011,11,1.0,0.0,14.5,17,77,6,19163
2019-06-01,25,25,18,21,22,5,22,22,10,255,1009,16,7.6,0.0,12.4,18,81,5,19163
2019-06-02,22,22,13,18,18,6,19,19,7,116,1015,10,0.3,0.0,14.5,11,66,5,19163
2019-06-03,24,24,15,19,19,6,20,21,5,206,1018,8,1.2,0.0,14.5,13,69,6,19163
2019-06-04,27,27,16,21,22,5,22,22,10,202,1011,16,7.6,0.0,11.4,18,82,5,19163
2019-06-05,30,30,20,25,27,6,27,27,6,274,1007,9,0.9,0.0,13.5,20,77,6,19163
2019-06-06,28,28,19,23,25,5,25,24,6,99,1011,9,0.0,0.0,14.5,19,78,6,19163
2019-06-07,27,27,17,22,23,6,23,23,9,85,1013,14,0.0,0.0,14.5,17,75,6,19163
2019-06-08,27,27,15,21,21,6,21,22,9,75,1014,14,0.0,0.0,14.5,17,78,6,19163
2019-06-09,26,26,18,22,23,10,23,24,7,149,1014,11,6.8,0.0,9.4,18,82,5,19163
2019-06-10,22,22,13,17,17,6,19,19,12,327,1022,18,1.3,0.0,14.5,11,64,5,19163
2019-06-11,24,24,15,19,19,9,20,20,6,146,1020,9,0.0,0.0,14.5,12,65,6,19163
2019-06-12,18,18,14,15,15,9,16,16,5,166,1013,8,19.4,0.0,9.4,14,88,4,19163
2019-06-13,19,19,11,14,14,12,15,16,10,341,1015,14,0.7,0.0,14.5,9,70,5,19163
2019-06-14,19,19,9,14,14,12,15,17,12,191,1013,21,2.6,0.0,12.5,12,80,4,19163
2019-06-15,25,25,15,20,20,8,21,21,8,202,1007,13,33.7,0.0,9.4,18,90,5,19163
2019-06-16,21,21,15,19,19,11,19,20,6,9,1010,9,0.1,0.0,9.4,17,90,4,19163
2019-06-17,23,23,12,17,17,9,17,18,6,50,1015,8,0.0,0.0,12.5,15,85,4,19163
2019-06-18,26,26,15,20,21,10,21,22,3,172,1013,5,0.3,0.0,13.5,17,80,5,19163
2019-06-19,21,21,16,18,18,5,18,18,8,45,1008,12,6.0,0.0,9.5,17,93,4,19163
2019-06-20,23,23,14,19,19,5,20,19,5,122,1008,7,0.0,0.0,13.5,15,81,5,19163
2019-06-21,21,21,15,18,18,4,18,19,11,123,1013,17,9.2,0.0,11.5,16,90,4,19163
2019-06-22,22,22,13,17,17,5,18,19,12,101,1014,18,9.4,0.0,9.4,17,90,4,19163
2019-06-23,24,24,19,21,21,5,22,22,6,199,1010,10,12.9,0.0,10.5,20,91,5,19163
2019-06-24,22,22,18,19,19,4,20,20,11,248,1004,17,1.1,0.0,10.5,17,88,5,19163
2019-06-25,26,26,16,21,23,6,23,23,11,225,1011,18,1.5,0.0,13.5,18,83,5,19163
2019-06-26,28,28,19,24,26,5,26,25,5,200,1016,9,12.0,0.0,11.5,21,83,6,19163
2019-06-27,30,30,22,26,29,6,29,27,7,180,1018,11,1.7,0.0,14.5,23,84,7,19163
2019-06-28,30,30,22,26,29,5,29,26,9,208,1018,13,13.5,0.0,11.5,23,87,6,19163
2019-06-29,30,30,23,27,30,5,30,28,3,185,1018,4,3.7,0.0,12.5,23,83,6,19163
2019-06-30,31,31,25,28,34,5,34,29,6,243,1016,9,5.0,0.0,12.5,25,86,6,19163
2019-07-01,31,31,21,26,30,5,30,27,5,263,1014,8,13.8,0.0,9.4,23,87,6,19163
2019-07-02,29,29,23,26,29,5,29,27,7,231,1011,12,7.3,0.0,12.5,23,86,6,19163
2019-07-03,30,30,23,27,30,5,30,27,3,128,1011,5,9.0,0.0,11.5,23,82,6,19163
2019-07-04,29,29,22,26,29,6,29,27,6,215,1012,9,2.1,0.0,13.5,23,84,6,19163
2019-07-05,30,30,23,26,30,5,30,28,5,261,1015,8,4.8,0.0,14.5,23,83,6,19163
2019-07-06,25,25,21,23,25,5,25,24,9,138,1016,13,4.2,0.0,11.4,21,87,5,19163
2019-07-07,25,25,16,20,20,6,21,21,8,45,1017,12,0.2,0.0,12.5,18,86,5,19163
2019-07-08,25,25,17,21,21,6,22,22,6,85,1017,10,0.0,0.0,14.5,17,81,6,19163
2019-07-09,28,28,18,23,25,5,25,24,9,161,1014,13,2.1,0.0,13.5,21,87,5,19163
2019-07-10,27,27,22,25,27,6,27,26,9,278,1013,14,1.7,0.0,13.5,22,85,7,19163
2019-07-11,25,25,18,22,23,5,23,22,8,8,1014,12,0.4,0.0,11.4,19,86,5,19163
2019-07-12,27,27,18,23,24,6,24,24,4,252,1014,6,0.1,0.0,14.5,19,81,6,19163
2019-07-13,29,29,21,25,28,6,28,26,6,275,1015,10,0.3,0.0,14.5,22,85,6,19163
2019-07-14,29,29,21,25,29,4,29,26,5,154,1017,8,3.0,0.0,12.4,23,87,6,19163
2019-07-15,27,27,21,24,26,6,26,25,11,201,1016,16,0.4,0.0,12.4,21,87,5,19163
2019-07-16,27,27,20,24,25,4,25,25,4,247,1012,7,0.7,0.0,9.3,21,88,5,19163
2019-07-17,30,30,21,25,28,5,28,27,6,223,1012,10,12.7,0.0,14.5,21,84,7,19163
2019-07-18,31,31,22,27,32,4,32,28,12,215,1008,19,12.0,0.0,11.4,25,89,6,19163
2019-07-19,31,31,25,28,34,6,34,28,12,223,1008,19,1.8,0.0,10.3,25,86,6,19163
2019-07-20,32,32,26,28,34,5,34,29,11,222,1009,17,3.8,0.0,14.5,25,86,7,19163
2019-07-21,26,26,21,23,24,5,24,24,8,26,1014,12,0.5,0.0,11.4,20,86,5,19163
2019-07-22,23,23,17,20,20,6,20,21,9,28,1019,14,0.0,0.0,14.5,16,81,6,19163
2019-07-23,24,24,15,19,19,6,20,21,8,334,1021,13,1.5,0.0,13.5,16,83,5,19163
2019-07-24,25,25,17,21,22,6,22,22,5,323,1021,7,1.9,0.0,13.4,17,81,5,19163
2019-07-25,25,25,18,21,22,5,22,23,6,194,1020,10,4.4,0.0,12.4,18,83,5,19163
2019-07-26,27,27,19,23,24,6,24,23,10,198,1020,16,0.0,0.0,14.5,19,81,6,19163
2019-07-27,28,28,19,24,26,5,26,24,11,228,1018,18,5.6,0.0,11.3,21,85,5,19163
2019-07-28,28,28,21,24,27,5,27,25,10,216,1015,16,1.5,0.0,14.5,22,85,7,19163
2019-07-29,26,26,20,23,24,5,24,24,10,310,1011,16,20.8,0.0,11.3,20,87,5,19163
2019-07-30,22,22,16,20,20,4,20,20,7,238,1017,11,0.0,0.0,14.5,17,84,6,19163
2019-07-31,24,24,15,19,19,5,20,20,5,86,1020,7,0.0,0.0,14.5,16,82,6,19163
2019-08-01,24,24,16,20,20,6,20,21,5,76,1021,7,0.0,0.0,14.5,16,80,6,19163
2019-08-02,25,25,16,20,20,6,21,21,4,86,1020,6,0.0,0.0,12.4,15,76,5,19163
2019-08-03,28,28,17,22,24,6,24,24,3,47,1018,4,0.0,0.0,14.5,18,79,6,19163
2019-08-04,28,28,20,24,26,6,26,25,3,308,1017,4,1.4,0.0,11.1,20,80,6,19163
2019-08-05,28,28,20,24,26,6,26,25,7,241,1014,11,0.4,0.0,11.6,20,82,6,19163
2019-08-06,26,26,20,23,24,5,24,24,8,233,1009,11,3.6,0.0,9.3,20,85,5,19163
2019-08-07,28,28,19,23,24,6,24,24,7,245,1010,11,2.3,0.0,11.6,20,83,6,19163
2019-08-08,25,25,19,22,23,5,23,23,7,321,1012,11,2.1,0.0,11.6,18,82,6,19163
2019-08-09,24,24,17,20,20,6,21,21,5,318,1015,8,0.0,0.0,11.6,16,78,6,19163
2019-08-10,25,25,16,21,21,6,22,22,4,133,1015,7,0.0,0.0,11.6,17,81,6,19163
2019-08-11,28,28,19,23,25,6,25,24,6,198,1014,10,0.7,0.0,8.2,21,87,5,19163
2019-08-12,28,28,21,24,27,4,27,25,7,121,1010,10,7.3,0.0,7.0,22,92,5,19163
2019-08-13,26,26,21,23,25,4,25,24,7,328,1011,11,1.9,0.0,8.1,21,90,5,19163
2019-08-14,22,22,16,19,19,4,19,19,8,304,1015,13,1.0,0.0,9.3,17,89,4,19163
2019-08-15,25,25,15,19,19,4,20,21,4,111,1016,7,0.4,0.0,11.6,15,78,6,19163
2019-08-16,26,26,18,21,22,5,22,23,8,254,1011,12,0.2,0.0,9.3,18,82,5,19163
2019-08-17,26,26,18,21,23,6,23,22,5,174,1010,8,1.9,0.0,8.1,19,87,5,19163
2019-08-18,27,27,21,24,26,5,26,25,9,226,1009,14,3.3,0.0,10.4,21,88,5,19163
2019-08-19,27,27,18,23,24,6,24,23,5,55,1014,8,2.4,0.0,6.7,20,87,5,19163
2019-08-20,28,28,21,24,26,5,26,25,5,225,1014,8,2.8,0.0,6.7,22,88,5,19163
2019-08-21,27,27,21,23,25,6,25,25,6,321,1014,9,0.5,0.0,6.7,20,84,5,19163
2019-08-22,24,24,15,19,19,6,19,20,6,23,1016,11,0.0,0.0,11.6,14,76,6,19163
2019-08-23,23,23,13,18,18,6,18,19,8,85,1021,13,0.0,0.0,11.6,14,77,5,19163
2019-08-24,22,22,12,16,16,6,17,18,8,108,1023,13,0.1,0.0,10.4,13,81,4,19163
2019-08-25,21,21,13,16,16,4,16,18,8,129,1017,13,1.4,0.0,6.6,15,88,4,19163
2019-08-26,24,24,18,20,20,5,21,21,6,166,1007,9,18.8,0.0,6.6,19,93,5,19163
2019-08-27,24,24,16,19,19,4,20,21,10,285,1011,16,0.1,0.0,11.6,15,79,5,19163
2019-08-28,22,22,13,17,17,6,18,19,11,284,1015,17,0.0,0.0,11.6,12,69,5,19163
2019-08-29,28,28,15,21,23,6,23,23,10,235,1013,16,2.3,0.0,9.1,18,81,5,19163
2019-08-30,22,22,13,17,17,6,18,19,6,50,1020,10,0.0,0.0,11.6,12,74,5,19163
2019-08-31,22,22,13,17,17,6,17,18,7,97,1023,11,0.1,0.0,11.6,13,77,5,19163
2019-09-01,24,24,16,20,20,5,20,21,4,224,1019,7,0.9,0.0,6.5,17,87,5,19163
2019-09-02,27,27,18,22,24,5,24,24,5,230,1018,8,0.0,0.0,11.6,18,79,5,19163
2019-09-03,29,29,21,24,26,6,26,26,14,253,1011,22,1.5,0.0,7.8,20,80,6,19163
2019-09-04,22,22,13,17,17,6,18,18,6,338,1019,10,0.0,0.0,11.6,13,77,5,19163
2019-09-05,24,24,12,18,18,5,19,19,6,166,1019,10,0.0,0.0,11.6,14,79,5,19163
2019-09-06,23,23,17,20,20,5,20,20,10,347,1015,15,0.0,0.0,9.0,17,83,5,19163
2019-09-07,24,24,15,19,19,6,20,21,6,294,1017,9,2.4,0.0,9.0,14,79,5,19163
2019-09-08,18,18,15,16,16,3,16,16,8,97,1018,13,4.4,0.0,6.4,14,89,4,19163
2019-09-09,26,26,14,20,20,4,21,20,9,136,1017,15,5.5,0.0,7.7,19,92,5,19163
2019-09-10,30,30,21,25,28,5,28,26,10,218,1016,16,10.5,0.0,7.7,22,84,6,19163
2019-09-11,29,29,21,25,27,5,27,26,9,215,1017,15,6.2,0.0,9.0,22,84,6,19163
2019-09-12,29,29,21,25,27,4,27,26,8,185,1015,14,13.5,0.0,7.7,22,85,6,19163
2019-09-13,21,21,16,19,19,6,19,19,11,273,1017,17,1.6,0.0,11.6,15,80,5,19163
2019-09-14,26,26,14,19,19,6,20,21,9,216,1020,16,0.0,0.0,11.6,15,75,6,19163
2019-09-15,0,0,0,23,23,6,25,0,1,0,1016,3,0.2,0.0,7.7,21,91,2,19163
2019-09-16,28,28,0,23,23,4,24,7,5,89,1018,8,0.1,0.0,11.6,19,81,3,19163
2019-09-17,27,27,17,21,22,5,22,23,8,143,1018,13,0.0,0.0,11.6,18,85,5,19163
2019-09-18,29,29,18,23,24,6,24,24,9,166,1016,14,0.9,0.0,10.3,20,84,5,19163
2019-09-19,25,25,19,22,23,5,23,23,7,170,1016,12,8.1,0.0,7.6,20,88,5,19163
2019-09-20,28,28,20,24,25,5,25,25,6,179,1017,11,6.5,0.0,11.6,21,84,6,19163
2019-09-21,23,23,19,21,21,6,24,22,13,194,1015,21,7.7,0.0,6.3,21,93,5,19163
2019-09-22,21,21,17,20,20,5,21,21,11,215,1011,17,24.6,0.0,6.3,19,94,5,19163
2019-09-23,21,21,11,16,16,6,17,17,7,279,1016,10,0.0,0.0,11.6,13,79,5,19163
2019-09-24,24,24,16,20,20,5,20,21,11,209,1012,19,0.0,0.0,11.6,15,77,6,19163
2019-09-25,22,22,17,20,20,6,20,21,11,300,1008,17,2.5,0.0,11.6,14,72,6,19163
2019-09-26,20,20,11,15,15,6,16,17,8,269,1014,14,0.0,0.0,11.6,8,62,5,19163
2019-09-27,23,23,13,18,18,5,18,19,14,197,1006,23,13.2,0.0,7.4,14,77,4,19163
2019-09-28,18,18,14,15,15,4,16,16,12,48,1017,17,9.1,0.0,6.0,14,89,4,19163
2019-09-29,22,22,12,17,17,4,18,19,8,96,1019,13,20.9,0.0,6.0,17,95,4,19163
2019-09-30,28,28,20,23,25,5,25,25,11,204,1015,20,7.3,0.0,10.2,21,86,5,19163
2019-10-01,27,27,21,24,26,5,26,24,10,223,1012,17,3.5,0.0,5.9,21,84,5,19163
2019-10-02,19,19,15,18,18,5,19,18,11,36,1012,16,14.0,0.0,5.7,17,91,4,19163
2019-10-03,14,14,8,11,11,5,13,13,11,310,1019,15,8.0,0.0,8.7,10,84,3,19163
2019-10-04,14,14,5,8,8,6,10,11,7,73,1028,11,0.0,0.0,8.6,7,81,3,19163
2019-10-05,16,16,7,10,10,5,12,13,12,169,1017,18,6.2,0.0,5.7,10,84,3,19163
2019-10-06,18,18,8,12,12,6,13,14,9,268,1019,16,0.0,0.0,11.3,8,73,4,19163
2019-10-07,19,19,9,13,13,6,14,15,7,286,1022,11,0.0,0.0,11.3,7,65,4,19163
2019-10-08,19,19,10,13,13,6,14,15,7,178,1022,12,0.0,0.0,11.3,8,67,5,19163
2019-10-09,19,19,10,13,13,6,14,15,10,156,1018,16,0.0,0.0,11.2,8,67,5,19163
2019-10-10,18,18,13,15,15,5,16,16,11,145,1013,18,2.6,0.0,5.6,13,81,4,19163
2019-10-11,7,7,3,4,4,6,8,6,15,269,1014,21,3.0,0.0,8.6,3,75,2,19163
2019-10-12,12,12,1,2,2,6,6,7,15,233,1014,23,0.0,0.0,11.2,-2,58,3,19163
2019-10-13,9,9,3,3,3,6,6,6,10,269,1012,15,0.0,0.0,7.1,0,68,2,19163
2019-10-14,12,12,3,6,6,6,7,8,6,242,1017,9,0.0,0.0,10.1,2,69,2,19163
2019-10-15,14,14,8,8,8,6,11,12,12,264,1011,19,1.0,0.0,5.5,6,72,3,19163
2019-10-16,10,10,4,4,4,6,8,8,12,324,1017,18,0.0,0.0,8.6,2,68,2,19163
2019-10-17,15,15,5,9,9,6,9,10,3,208,1017,5,0.0,0.0,11.0,2,63,4,19163
2019-10-18,16,16,6,8,8,6,10,11,12,161,1013,20,0.0,0.0,11.0,4,66,4,19163
2019-10-19,14,14,8,10,10,4,11,12,8,232,1009,12,0.4,0.0,8.5,7,79,3,19163
2019-10-20,18,18,9,12,12,5,13,14,6,109,1011,10,0.0,0.0,10.9,7,71,4,19163
2019-10-21,15,15,10,11,11,6,13,14,17,224,1000,25,1.2,0.0,8.5,8,73,3,19163
2019-10-22,0,0,3,3,3,6,5,0,13,0,1011,23,0.0,0.0,5.4,0,62,2,19163
2019-10-23,15,15,5,6,6,6,8,10,10,197,1012,15,0.2,0.0,8.5,4,72,2,19163
2019-10-24,9,9,3,3,3,6,6,7,7,338,1026,11,0.0,0.0,10.8,1,74,3,19163
2019-10-25,11,11,2,5,5,6,6,7,3,300,1027,5,0.0,0.0,10.8,-2,60,3,19163
2019-10-26,10,10,3,4,4,5,6,7,8,78,1013,12,6.8,0.0,10.0,1,72,2,19163
2019-10-27,15,15,4,8,8,6,10,10,7,245,1012,12,2.2,0.0,10.8,5,78,4,19163
2019-10-28,6,6,4,2,2,5,5,5,7,127,1019,10,0.4,0.0,5.4,2,80,2,19163
2019-10-29,2,2,-4,-4,-4,4,0,0,7,333,1024,10,7.4,6.4,10.7,-2,89,2,19163
2019-10-30,1,1,-1,-4,-4,3,0,0,10,27,1024,15,5.1,3.7,5.3,-1,90,1,19163
2019-10-31,0,0,-4,-9,-9,2,-3,-2,14,312,1018,22,9.1,6.5,3.8,-4,91,1,19163
2019-11-01,1,1,-5,-6,-6,5,-2,-1,9,223,1022,15,0.9,0.0,3.8,-3,92,1,19163
2019-11-02,4,4,-1,-3,-3,5,1,2,10,283,1022,17,0.8,0.0,7.1,-1,86,1,19163
2019-11-03,8,8,0,1,1,6,4,5,9,209,1018,15,0.1,0.0,5.4,1,78,1,19163
2019-11-04,9,9,3,3,3,6,6,6,9,286,1016,14,0.1,0.0,8.7,2,78,3,19163
2019-11-05,4,4,-1,-1,-1,6,2,2,6,301,1026,10,0.0,0.0,7.1,-5,64,1,19163
2019-11-06,9,9,-2,-1,-1,5,3,5,11,162,1027,17,0.3,0.0,5.4,0,80,2,19163
2019-11-07,-1,-1,-6,-10,-10,6,-4,-3,11,338,1034,15,0.0,0.1,8.7,-12,54,2,19163
2019-11-08,1,1,-8,-8,-8,6,-4,-4,6,191,1032,10,0.0,0.0,5.4,-12,54,1,19163
2019-11-09,8,8,-2,-2,-2,6,2,3,10,254,1016,16,0.0,0.0,8.7,-3,68,2,19163
2019-11-10,5,5,0,-1,-1,5,3,3,9,18,1018,13,0.2,0.0,7.1,0,80,1,19163
2019-11-11,-5,-5,-12,-14,-14,4,-6,-6,15,344,1030,23,5.4,0.5,5.4,-8,86,1,19163
2019-11-12,-10,-10,-16,-19,-19,6,-13,-12,8,296,1035,13,0.0,0.0,8.7,-16,77,2,19163
2019-11-13,-3,-3,-11,-14,-14,5,-7,-7,11,201,1022,17,0.1,0.0,5.4,-10,82,1,19163
2019-11-14,-2,-2,-7,-10,-10,4,-5,-5,7,310,1025,11,0.0,0.0,8.7,-7,90,2,19163
2019-11-15,3,3,-7,-6,-6,6,-2,-1,5,296,1029,9,0.0,0.0,8.7,-4,88,2,19163
2019-11-16,6,6,-2,-3,-3,4,1,3,8,144,1027,14,0.0,0.0,8.7,-2,84,2,19163
2019-11-17,3,3,-5,-2,-2,5,1,2,7,206,1016,11,6.5,0.0,3.7,0,89,1,19163
2019-11-18,6,6,-1,0,0,5,2,2,4,267,1010,7,0.1,0.0,7.0,-1,84,1,19163
2019-11-19,8,8,2,2,2,5,4,5,5,308,1010,8,0.3,0.0,3.7,2,88,1,19163
2019-11-20,10,10,2,3,3,6,5,6,9,137,1018,14,0.3,0.0,7.0,3,83,2,19163
2019-11-21,14,14,2,5,5,5,9,11,18,270,1011,27,6.8,0.0,3.7,6,82,3,19163
2019-11-22,5,5,-3,-2,-2,6,0,1,6,239,1023,8,0.0,0.0,8.7,-6,62,2,19163
2019-11-23,5,5,-2,-2,-2,6,1,2,6,243,1012,10,0.0,0.0,5.2,-5,67,1,19163
2019-11-24,9,9,-1,1,1,6,4,5,8,237,1006,15,0.0,0.0,8.7,1,80,2,19163
2019-11-25,11,11,4,4,4,6,7,8,7,257,1004,12,0.0,0.0,7.0,3,77,2,19163
2019-11-26,4,4,-1,0,0,5,4,4,10,70,1004,16,3.8,0.0,5.2,2,85,1,19163
2019-11-27,2,2,0,-5,-5,6,1,2,19,303,1023,27,0.0,0.0,3.5,-4,72,2,19163
2019-11-28,2,2,-3,-3,-3,6,0,0,5,83,1032,8,0.0,0.0,7.0,-4,75,1,19163
2019-11-29,2,2,-2,-3,-3,5,1,1,7,111,1027,11,2.5,0.9,3.5,0,90,1,19163
2019-11-30,8,8,1,0,0,5,4,5,15,119,1005,24,9.7,0.0,3.5,4,95,1,19163
2019-12-01,2,2,-1,-3,-3,3,2,2,14,313,998,20,3.9,1.6,3.5,0,86,1,19163
2019-12-02,1,1,-4,-6,-6,5,-2,-2,9,331,1018,13,0.5,0.6,8.7,-6,72,2,19163
2019-12-03,6,6,-2,-3,-3,6,2,3,11,257,1009,17,0.0,0.0,7.0,-3,71,2,19163
2019-12-04,7,7,0,-2,-2,6,3,4,12,288,1010,19,0.0,0.0,8.7,-1,79,2,19163
2019-12-05,9,9,0,2,2,6,4,5,5,199,1015,9,0.0,0.0,6.9,2,84,1,19163
2019-12-06,2,2,-1,-3,-3,6,1,1,9,119,1025,14,0.0,0.0,8.7,-4,71,2,19163
2019-12-07,5,5,-2,-3,-3,6,1,2,10,203,1025,16,0.0,0.0,8.7,-5,67,2,19163
2019-12-08,7,7,1,0,0,6,4,5,11,211,1012,18,0.0,0.0,3.4,1,82,1,19163
2019-12-09,8,8,-8,-2,-2,2,3,5,13,275,1005,17,1.4,0.0,3.4,0,86,2,19163
2019-12-10,-6,-6,-10,-16,-16,6,-9,-8,11,293,1024,15,0.0,0.0,8.7,-17,51,2,19163
2019-12-11,-4,-4,-10,-12,-12,4,-7,-6,6,223,1030,9,0.8,0.6,5.2,-11,73,1,19163
2019-12-12,4,4,-7,-5,-5,6,0,2,12,205,1021,21,0.0,0.0,6.9,-3,77,1,19163
2019-12-13,4,4,-3,-1,-1,6,0,1,4,105,1014,6,0.0,0.0,6.9,-2,84,1,19163
2019-12-14,-2,-2,-8,-8,-8,6,-3,-3,10,319,1011,13,0.0,0.0,5.2,-8,72,1,19163
2019-12-15,0,0,-6,-8,-8,1,-6,0,3,0,1021,4,0.8,0.0,6.9,-8,83,2,19163
2019-12-16,-2,-2,-7,-9,-9,5,-5,-4,6,24,1022,9,0.4,0.4,6.9,-8,81,1,19163
2019-12-17,-2,-2,-8,-10,-10,6,-5,-4,9,264,1022,14,0.0,0.0,8.7,-7,86,2,19163
2019-12-18,-6,-6,-11,-13,-13,6,-8,-9,7,158,1026,11,0.0,0.0,8.7,-13,67,2,19163
2019-12-19,2,2,-7,-8,-8,6,-3,-2,9,221,1025,15,0.0,0.0,8.7,-5,86,2,19163
2019-12-20,4,4,-2,-3,-3,6,1,2,8,187,1028,14,0.0,0.0,8.7,-1,86,2,19163
2019-12-21,5,5,-2,-2,-2,6,2,3,8,210,1027,15,0.0,0.0,8.7,0,86,2,19163
2019-12-22,9,9,2,1,1,6,5,5,11,212,1022,19,0.0,0.0,8.7,2,85,3,19163
2019-12-23,8,8,3,2,2,6,5,5,7,240,1019,12,0.0,0.0,8.7,2,80,3,19163
2019-12-24,11,11,3,4,4,6,7,8,8,189,1015,15,0.0,0.0,6.9,4,83,2,19163
2019-12-25,12,12,7,7,7,6,9,9,9,191,1010,16,0.0,0.0,3.4,8,91,2,19163
2019-12-26,11,11,2,7,7,6,9,9,9,265,1014,14,0.0,0.0,8.7,6,82,2,19163
2019-12-27,5,5,-2,-1,-1,6,1,2,5,295,1024,8,0.0,0.0,8.7,-3,73,2,19163
2019-12-28,7,7,0,0,0,4,4,4,11,123,1016,18,11.2,0.0,3.4,3,89,1,19163
2019-12-29,12,12,6,8,8,5,11,11,13,209,999,20,9.4,0.0,8.7,8,82,3,19163
2019-12-30,0,0,-3,-8,-8,4,-1,-1,17,256,1000,23,0.5,0.0,3.4,-4,78,1,19163
2019-12-31,-1,-1,-4,-10,-10,5,-3,-3,15,283,1009,21,0.4,0.0,6.9,-7,76,1,19163
2020-01-01,6,6,-3,-3,-3,6,1,2,13,204,1006,21,0.0,0.0,8.7,-3,72,2,19163
2020-01-02,8,8,3,1,1,6,5,5,11,233,1002,18,0.0,0.0,6.9,2,83,2,19163
2020-01-03,3,3,0,-1,-1,5,1,2,5,106,1011,7,1.5,0.0,6.9,-2,81,1,19163
2020-01-04,-1,-1,-4,-6,-6,4,-2,-2,7,307,1018,11,0.9,1.1,5.2,-3,90,1,19163
2020-01-05,5,5,-3,-5,-5,6,1,3,15,272,1017,25,0.0,0.0,6.9,-3,76,1,19163
2020-01-06,3,3,-3,-4,-4,6,0,1,8,245,1022,13,0.0,0.0,3.4,-6,67,1,19163
2020-01-07,2,2,-2,-4,-4,6,0,1,10,288,1018,15,0.0,0.0,6.9,-5,68,1,19163
2020-01-08,-3,-3,-9,-11,-11,6,-5,-6,11,70,1028,17,0.0,0.0,8.7,-16,44,2,19163
2020-01-09,10,10,-3,1,1,6,5,7,17,186,1014,29,0.3,0.0,3.5,1,75,2,19163
2020-01-10,3,3,0,-2,-2,5,2,2,11,31,1017,16,18.2,0.0,5.2,-1,83,1,19163
2020-01-11,-3,-3,-11,-11,-11,1,-4,-4,17,19,1016,24,19.6,2.6,3.5,-5,92,1,19163
2020-01-12,-2,-2,-9,-9,-9,5,-6,-6,6,100,1024,9,0.9,0.9,7.0,-7,87,1,19163
2020-01-13,1,1,-3,-5,-5,5,-2,-1,8,174,1024,12,0.0,0.0,7.0,-3,91,2,19163
2020-01-14,3,3,-2,-3,-3,6,1,2,8,271,1020,13,0.1,0.0,7.0,-1,91,1,19163
2020-01-15,1,1,-7,-7,-7,4,-2,0,10,225,1021,16,0.4,0.0,3.5,-3,90,1,19163
2020-01-16,-8,-8,-14,-19,-19,6,-11,-11,12,334,1041,15,0.0,0.0,8.7,-18,59,2,19163
2020-01-17,-4,-4,-11,-12,-12,4,-6,-6,13,129,1035,19,7.9,5.3,3.5,-10,74,1,19163
2020-01-18,2,2,-17,-13,-13,3,-5,-2,18,290,1014,27,9.7,3.2,4.9,-6,92,1,19163
2020-01-19,-14,-14,-20,-27,-27,6,-17,-17,13,302,1031,19,0.0,0.0,6.6,-19,89,1,19163
2020-01-20,-9,-9,-17,-18,-18,3,-13,-12,4,330,1038,7,0.0,0.0,8.2,-14,93,1,19163
2020-01-21,-6,-6,-14,-15,-15,6,-10,-10,8,213,1035,13,0.0,0.0,9.8,-11,90,2,19163
2020-01-22,0,0,-6,-9,-9,5,-3,-3,13,183,1022,20,0.7,0.0,4.9,-5,89,1,19163
2020-01-23,1,1,-2,-4,-4,3,-1,0,7,163,1016,12,3.6,1.0,4.9,-1,98,1,19163
2020-01-24,2,2,-1,-2,-2,2,1,1,7,154,1012,12,6.1,2.9,4.9,1,99,1,19163
2020-01-25,-1,-1,-3,-7,-7,5,-1,-2,12,284,1014,18,0.9,0.9,4.9,-2,94,1,19163
2020-01-26,-2,-2,-7,-7,-7,3,-3,-3,7,262,1016,11,0.1,0.1,6.6,-4,94,1,19163
2020-01-27,-1,-1,-3,-4,-4,2,-1,-1,4,346,1017,6,0.0,0.0,5.0,-2,95,1,19163
2020-01-28,-2,-2,-6,-7,-7,4,-3,-4,5,309,1021,7,0.4,0.3,5.0,-4,93,1,19163
2020-01-29,-3,-3,-7,-8,-8,4,-5,-5,4,24,1023,6,0.0,0.0,5.0,-6,91,1,19163
2020-01-30,-2,-2,-6,-6,-6,3,-4,-4,3,176,1024,5,0.3,0.2,5.0,-5,94,1,19163
2020-01-31,1,1,-3,-4,-4,2,-1,-1,4,159,1021,7,0.9,0.0,5.0,-2,97,1,19163
2020-02-01,1,1,-4,-4,-4,4,0,0,10,257,1014,15,0.0,0.3,5.0,0,95,1,19163
2020-02-02,8,8,2,0,0,5,4,6,13,280,1005,23,0.0,0.0,10.1,2,85,3,19163
2020-02-03,3,3,1,-2,-2,4,2,2,9,50,1008,13,0.0,0.0,5.0,1,94,1,19163
2020-02-04,-1,-1,-4,-8,-8,5,-2,-3,15,30,1018,22,0.2,0.0,10.1,-6,75,2,19163
2020-02-05,-2,-2,-5,-9,-9,5,-4,-4,10,52,1019,14,0.5,0.4,5.1,-7,76,1,19163
2020-02-06,-2,-2,-4,-8,-8,4,-3,-3,8,26,1008,10,1.1,0.8,5.1,-7,77,1,19163
2020-02-07,-2,-2,-6,-6,-6,5,-4,-4,4,247,1010,6,0.3,0.2,5.1,-6,83,1,19163
2020-02-08,-4,-4,-10,-9,-9,5,-5,-5,6,277,1021,8,0.4,0.3,10.2,-8,80,2,19163
2020-02-09,2,2,-3,-6,-6,5,-1,0,12,189,1018,19,1.7,0.1,5.1,-2,90,1,19163
2020-02-10,1,1,-5,-6,-6,6,-3,-3,6,212,1022,8,0.0,0.0,10.0,-7,75,1,19163
2020-02-11,-1,-1,-4,-7,-7,6,-2,-3,9,295,1023,11,0.0,0.0,10.0,-6,75,1,19163
2020-02-12,2,2,-2,-4,-4,4,0,0,8,196,1016,12,3.1,2.0,6.8,-3,81,1,19163
2020-02-13,-11,-11,-19,-22,-22,4,-13,-14,14,328,1026,18,0.6,0.3,8.4,-15,83,1,19163
2020-02-14,-10,-10,-20,-22,-22,6,-15,-15,8,191,1035,11,0.0,0.0,10.3,-19,75,2,19163
2020-02-15,0,0,-10,-11,-11,4,-4,-3,14,220,1021,21,0.4,0.3,5.4,-7,83,1,19163
2020-02-16,3,3,-4,-4,-4,5,-1,-1,5,98,1021,8,0.0,0.0,10.8,-4,85,2,19163
2020-02-17,3,3,-1,-3,-3,2,1,1,8,142,1013,14,6.5,0.0,5.4,0,94,1,19163
2020-02-18,-2,-2,-9,-8,-8,6,-2,-2,15,320,1024,20,0.0,0.0,10.9,-6,78,2,19163
2020-02-19,-6,-6,-10,-14,-14,6,-8,-8,8,242,1038,11,0.0,0.0,8.5,-14,63,1,19163
2020-02-20,-7,-7,-13,-16,-16,6,-10,-11,8,225,1043,10,0.0,0.0,10.9,-17,57,2,19163
2020-02-21,3,3,-9,-9,-9,6,-4,-3,12,219,1034,17,0.0,0.0,10.9,-14,45,2,19163
2020-02-22,7,7,-2,-3,-3,6,2,3,12,214,1022,19,0.0,0.0,11.0,-5,62,2,19163
2020-02-23,9,9,2,1,1,6,4,5,9,259,1015,14,0.0,0.0,11.0,2,84,3,19163
2020-02-24,4,4,0,-3,-3,6,2,3,12,54,1013,16,0.0,0.0,5.5,0,87,1,19163
2020-02-25,1,1,-2,-6,-6,2,0,1,17,32,1015,24,6.9,0.3,5.5,-1,89,1,19163
2020-02-26,-2,-2,-4,-10,-10,1,-3,-3,16,347,1020,24,8.8,0.0,5.5,-5,84,1,19163
2020-02-27,0,0,-5,-8,-8,6,-3,-2,9,308,1021,11,0.0,0.0,10.1,-10,61,1,19163
2020-02-28,-2,-2,-7,-10,-10,5,-5,-4,8,329,1021,11,0.7,0.3,8.6,-10,69,1,19163
2020-02-29,5,5,-8,-7,-7,6,-2,-2,8,203,1023,12,0.0,0.0,11.1,-9,62,2,19163
2020-03-01,14,14,1,5,5,6,8,10,13,215,1009,20,0.1,0.0,10.1,4,79,3,19163
2020-03-02,6,6,-1,-1,-1,6,3,3,7,317,1010,10,0.0,0.0,11.2,-2,72,2,19163
2020-03-03,9,9,1,1,1,6,5,6,11,285,1005,17,0.0,0.0,11.2,-2,64,3,19163
2020-03-04,7,7,1,1,1,6,4,4,8,313,1015,11,2.1,0.0,11.3,-2,65,2,19163
2020-03-05,10,10,4,3,3,6,7,8,19,277,1015,27,0.0,0.0,10.1,-2,61,3,19163
2020-03-06,5,5,-3,-4,-4,5,1,1,13,347,1030,18,0.0,0.0,11.6,-8,56,2,19163
2020-03-07,12,12,-1,1,1,6,5,6,13,189,1028,21,0.0,0.0,11.6,-3,56,3,19163
2020-03-08,17,17,6,8,8,6,11,11,17,203,1019,26,0.0,0.0,11.6,3,62,4,19163
2020-03-09,12,12,7,8,8,4,11,11,13,186,1013,22,15.6,0.0,5.9,8,86,3,19163
2020-03-10,9,9,2,3,3,6,5,5,8,180,1022,11,1.5,0.0,8.8,2,77,3,19163
2020-03-11,13,13,3,7,7,5,9,8,6,257,1016,9,0.0,0.0,11.6,4,80,3,19163
2020-03-12,15,15,6,8,8,6,10,11,13,201,1008,20,0.4,0.0,7.4,6,85,3,19163
2020-03-13,7,7,0,0,0,6,4,4,11,294,1025,16,0.0,0.0,11.6,-4,58,2,19163
2020-03-14,3,3,-1,-2,-2,4,1,1,6,53,1034,10,2.6,1.8,6.0,-2,77,1,19163
2020-03-15,3,3,-3,-4,-4,6,0,1,7,77,1036,11,0.3,0.2,6.0,-2,84,1,19163
2020-03-16,6,6,0,0,0,6,3,3,6,232,1026,9,0.0,0.0,6.0,0,84,1,19163
2020-03-17,8,8,-1,1,1,6,4,4,6,306,1026,9,0.0,0.0,11.6,-2,66,2,19163
2020-03-18,7,7,-1,2,2,5,5,5,7,124,1020,12,1.6,0.0,6.0,3,85,2,19163
2020-03-19,17,17,5,8,8,5,10,10,10,159,1011,16,2.6,0.0,7.4,9,95,3,19163
2020-03-20,4,4,0,-2,-2,5,3,2,15,344,1024,20,0.3,0.0,8.8,-1,75,1,19163
2020-03-21,4,4,-2,-3,-3,6,0,1,6,113,1035,9,0.0,0.0,8.8,-6,66,1,19163
2020-03-22,3,3,-2,-4,-4,4,0,1,10,139,1028,14,4.0,3.0,7.5,-4,78,1,19163
2020-03-23,7,7,-2,1,1,4,2,3,4,211,1023,6,0.9,1.2,6.1,1,90,1,19163
2020-03-24,11,11,-1,2,2,6,5,6,7,116,1018,10,0.0,0.0,11.6,1,80,3,19163
2020-03-25,16,16,3,7,7,6,9,10,9,192,1012,14,0.0,0.0,11.6,5,81,3,19163
2020-03-26,12,12,7,8,8,4,9,10,8,54,1009,13,2.8,0.0,6.3,8,91,3,19163
2020-03-27,10,10,2,3,3,5,6,7,10,86,1010,16,2.2,0.0,6.4,5,89,2,19163
2020-03-28,19,19,9,12,12,5,14,14,12,117,1001,21,12.4,0.0,7.7,11,87,3,19163
2020-03-29,9,9,6,4,4,6,8,8,21,275,1004,30,0.3,0.0,6.4,4,74,2,19163
2020-03-30,12,12,2,5,5,6,7,8,9,332,1021,13,0.0,0.0,11.6,2,72,3,19163
2020-03-31,6,6,3,2,2,6,5,5,7,37,1019,11,0.2,0.0,6.4,2,80,1,19163
2020-04-01,12,12,1,4,4,6,6,7,6,128,1018,9,0.0,0.0,9.0,2,76,2,19163
2020-04-02,16,16,6,8,8,6,10,11,11,151,1018,17,0.0,0.0,7.7,6,74,3,19163
2020-04-03,13,13,1,6,6,4,9,11,10,209,1017,15,8.0,0.0,6.5,7,90,3,19163
2020-04-04,9,9,-3,-1,-1,6,3,3,10,238,1022,15,0.1,0.0,10.3,-2,73,1,19163
2020-04-05,14,14,2,6,6,6,8,9,6,135,1022,10,0.0,0.0,11.6,1,65,3,19163
2020-04-06,13,13,5,7,7,5,9,9,8,172,1015,13,0.9,0.0,6.5,7,82,2,19163
2020-04-07,21,21,14,17,17,6,17,17,9,229,1006,14,2.6,0.0,6.5,15,89,4,19163
2020-04-08,22,22,9,14,14,5,15,17,9,241,1007,13,5.3,0.0,10.3,10,77,4,19163
2020-04-09,8,8,2,1,1,6,5,6,16,302,1012,22,0.3,0.0,11.6,-3,56,2,19163
2020-04-10,10,10,-1,1,1,6,4,5,9,294,1018,13,0.0,0.0,11.6,-4,56,3,19163
2020-04-11,10,10,5,5,5,5,8,8,9,181,1010,14,2.1,0.0,9.1,4,74,2,19163
2020-04-12,16,16,9,11,11,4,12,13,8,161,1001,12,11.7,0.0,6.6,10,91,3,19163
2020-04-13,5,5,-2,-4,-4,4,1,2,18,307,1015,24,8.0,0.0,11.6,-6,61,2,19163
2020-04-14,5,5,-2,-3,-3,6,1,2,11,278,1022,15,0.0,0.0,7.9,-8,51,1,19163
2020-04-15,4,4,-3,-4,-4,5,0,1,8,306,1020,11,3.8,2.2,11.6,-7,61,2,19163
2020-04-16,6,6,-4,0,0,6,2,3,3,226,1026,5,0.0,0.0,9.1,-8,50,1,19163
2020-04-17,6,6,-1,-1,-1,3,2,2,8,115,1019,12,8.3,7.1,6.6,0,87,1,19163
2020-04-18,14,14,0,3,3,6,7,8,15,221,1013,22,0.0,0.0,11.6,2,75,3,19163
2020-04-19,13,13,7,8,8,6,10,11,10,236,1010,15,0.0,0.0,11.6,4,67,4,19163
2020-04-20,14,14,5,8,8,6,10,11,10,260,1007,14,2.7,0.0,9.1,5,70,3,19163
2020-04-21,11,11,1,4,4,6,6,7,9,305,1015,13,0.9,0.0,11.6,-1,61,3,19163
2020-04-22,20,20,5,10,10,5,11,13,10,196,1010,17,0.8,0.0,9.2,7,72,3,19163
2020-04-23,18,18,11,13,13,4,14,14,5,197,1004,9,4.4,0.0,6.7,11,85,3,19163
2020-04-24,11,11,6,6,6,5,9,9,10,73,1010,15,3.6,0.0,6.7,7,89,2,19163
2020-04-25,11,11,6,6,6,4,8,9,11,41,1014,16,8.2,0.0,6.7,5,81,2,19163
2020-04-26,18,18,6,11,11,6,11,13,5,128,1020,8,0.0,0.0,11.6,4,64,4,19163
2020-04-27,15,15,7,9,9,5,12,12,11,208,1016,19,3.0,0.0,6.8,9,78,3,19163
2020-04-28,21,21,13,16,16,4,17,18,11,210,1007,17,15.5,0.0,8.0,14,87,4,19163
2020-04-29,11,11,3,7,7,5,9,10,15,347,1004,23,3.3,0.0,6.8,8,85,3,19163
2020-04-30,15,15,6,8,8,6,11,11,13,338,1011,19,0.1,0.0,14.0,6,74,4,19163
2020-05-01,19,19,10,14,14,6,14,16,8,166,1013,12,0.0,0.0,14.4,10,74,5,19163
2020-05-02,22,22,16,18,18,5,18,19,8,325,1012,13,0.0,0.0,14.5,13,73,5,19163
2020-05-03,19,19,11,15,15,6,16,17,7,310,1015,12,0.0,0.0,13.4,7,59,4,19163
2020-05-04,13,13,6,8,8,5,10,10,12,91,1018,17,0.9,0.0,14.5,5,72,4,19163
2020-05-05,7,7,4,3,3,4,6,6,8,61,1015,11,11.5,0.0,9.1,5,92,2,19163
2020-05-06,16,16,5,8,8,6,10,12,9,319,1020,13,0.3,0.0,12.3,5,75,3,19163
2020-05-07,16,16,7,10,10,6,12,13,8,304,1017,13,0.2,0.0,13.4,6,71,3,19163
2020-05-08,8,8,3,3,3,6,6,6,13,346,1019,19,0.3,0.0,14.5,-1,60,3,19163
2020-05-09,14,14,2,6,6,6,8,9,8,243,1022,12,0.1,0.0,14.5,1,60,3,19163
2020-05-10,9,9,4,3,3,6,7,6,14,325,1018,20,1.5,0.0,9.1,3,80,2,19163
2020-05-11,10,10,2,4,4,6,6,7,7,324,1024,11,0.1,0.0,13.4,1,71,2,19163
2020-05-12,14,14,4,9,9,6,9,11,4,276,1024,7,0.0,0.0,14.5,2,64,4,19163
2020-05-13,13,13,7,8,8,5,10,11,11,144,1020,16,3.0,0.0,11.3,7,82,3,19163
2020-05-14,22,22,12,16,16,4,17,19,12,204,1009,20,24.3,0.0,9.2,16,92,4,19163
2020-05-15,21,21,13,17,17,6,17,18,7,12,1012,11,1.9,0.0,14.5,12,75,5,19163
2020-05-16,19,19,12,13,13,6,14,16,9,96,1011,14,2.1,0.0,9.2,12,84,4,19163
2020-05-17,21,21,10,15,15,6,16,16,7,33,1015,10,0.1,0.0,14.5,11,78,5,19163
2020-05-18,18,18,12,12,12,5,14,14,11,14,1007,17,10.5,0.0,9.2,12,92,3,19163
2020-05-19,19,19,11,14,14,6,15,16,13,44,1013,18,0.5,0.0,9.3,13,89,4,19163
2020-05-20,17,17,13,14,14,6,15,16,10,85,1018,15,0.1,0.0,9.3,13,86,4,19163
2020-05-21,18,18,11,14,14,6,14,15,7,123,1018,11,0.1,0.0,9.3,12,85,4,19163
2020-05-22,21,21,12,17,17,5,17,18,6,146,1015,9,0.3,0.0,10.3,14,82,4,19163
2020-05-23,21,21,16,19,19,5,20,20,13,197,1010,20,3.6,0.0,10.3,17,86,4,19163
2020-05-24,29,29,16,23,24,6,24,25,7,192,1011,11,0.5,0.0,13.5,19,81,5,19163
2020-05-25,27,27,19,23,24,5,24,24,9,195,1012,13,6.8,0.0,12.4,20,82,5,19163
2020-05-26,27,27,19,23,25,5,25,25,11,158,1012,18,16.3,0.0,9.3,20,82,5,19163
2020-05-27,25,25,19,22,22,6,22,22,7,166,1012,11,3.5,0.0,9.3,19,87,5,19163
2020-05-28,21,21,13,18,18,3,18,19,6,165,1011,9,23.4,0.0,9.3,18,94,4,19163
2020-05-29,18,18,13,15,15,6,16,17,11,320,1017,16,0.4,0.0,12.4,12,79,4,19163
2020-05-30,19,19,11,15,15,6,15,17,7,335,1023,11,0.3,0.0,12.4,11,77,4,19163
2020-05-31,21,21,11,16,16,6,16,17,6,172,1025,9,0.0,0.0,14.5,11,74,5,19163
2020-06-01,24,24,15,19,19,6,20,19,14,196,1019,21,0.1,0.0,13.5,16,79,4,19163
2020-06-02,29,29,20,24,26,5,26,25,13,241,1012,20,4.9,0.0,13.5,21,84,7,19163
2020-06-03,28,28,19,24,25,5,25,25,7,122,1009,10,9.2,0.0,13.5,20,81,6,19163
2020-06-04,29,29,21,25,27,6,27,26,4,99,1007,6,2.5,0.0,14.5,20,78,6,19163
2020-06-05,30,30,20,24,26,6,26,26,7,252,1011,11,0.4,0.0,14.5,21,81,6,19163
2020-06-06,26,26,17,21,22,6,22,22,8,66,1017,13,0.0,0.0,14.5,15,70,6,19163
2020-06-07,26,26,15,21,21,6,22,21,11,130,1016,16,0.3,0.0,14.5,16,73,6,19163
2020-06-08,28,28,18,23,24,6,24,25,10,151,1012,17,0.0,0.0,14.5,18,73,6,19163
2020-06-09,23,23,15,20,23,5,23,22,15,110,999,24,8.9,0.0,10.4,19,87,5,19163
2020-06-10,21,21,11,18,18,5,18,19,12,248,1002,17,1.6,0.0,12.5,16,83,4,19163
2020-06-11,24,24,14,19,19,6,20,20,11,269,1019,17,0.0,0.0,14.5,14,73,6,19163
2020-06-12,26,26,16,21,22,6,22,23,4,288,1024,6,0.0,0.0,14.5,14,66,6,19163
2020-06-13,21,21,11,15,15,6,16,16,10,78,1025,15,0.0,0.0,13.5,11,75,5,19163
2020-06-14,21,21,12,15,15,6,16,17,11,111,1025,16,0.0,0.0,14.5,10,70,5,19163
2020-06-15,22,22,12,16,16,6,18,18,10,129,1026,15,0.0,0.0,14.5,11,70,5,19163
2020-06-16,25,25,13,19,19,6,20,21,8,163,1024,13,0.0,0.0,14.5,15,74,6,19163
2020-06-17,26,26,17,21,22,6,22,23,8,170,1020,13,0.0,0.0,14.5,17,76,6,19163
2020-06-18,28,28,17,22,23,6,23,24,7,173,1016,12,0.0,0.0,14.5,17,71,6,19163
2020-06-19,27,27,19,22,23,6,23,24,6,205,1015,10,3.2,0.0,11.5,18,78,5,19163
2020-06-20,26,26,20,22,23,5,23,23,8,224,1011,13,14.1,0.0,10.5,20,86,5,19163
2020-06-21,28,28,19,23,24,5,24,25,5,224,1010,7,7.4,0.0,14.5,19,80,5,19163
2020-06-22,24,24,20,21,21,5,22,22,7,245,1009,12,7.5,0.0,11.5,19,89,5,19163
2020-06-23,23,23,13,17,17,6,18,20,8,329,1010,13,0.7,0.0,14.5,14,81,4,19163
2020-06-24,23,23,14,18,18,6,19,20,7,297,1012,11,1.8,0.0,12.5,15,79,5,19163
2020-06-25,26,26,16,21,22,6,22,23,6,261,1014,9,0.7,0.0,14.5,16,76,6,19163
2020-06-26,29,29,20,24,26,5,26,25,10,216,1011,17,3.2,0.0,13.5,21,86,6,19163
2020-06-27,28,28,20,24,26,5,26,25,5,260,1009,8,4.4,0.0,9.4,21,85,5,19163
2020-06-28,29,29,21,25,27,5,27,26,5,168,1008,7,3.8,0.0,13.5,22,85,6,19163
2020-06-29,29,29,23,26,29,5,29,27,9,195,1010,15,4.6,0.0,11.5,23,85,6,19163
2020-06-30,26,26,22,23,26,5,26,24,9,124,1010,15,8.2,0.0,9.4,22,90,5,19163
2020-07-01,28,28,20,24,27,4,27,26,7,110,1012,11,7.7,0.0,11.5,22,87,6,19163
2020-07-02,28,28,21,24,27,6,27,25,7,84,1016,11,1.7,0.0,13.5,21,83,7,19163
2020-07-03,29,29,21,25,26,6,26,26,4,63,1017,6,0.1,0.0,14.5,21,77,7,19163
2020-07-04,29,29,21,25,28,6,28,26,5,69,1016,7,0.1,0.0,14.5,21,80,7,19163
2020-07-05,30,30,22,25,28,6,28,27,3,67,1015,4,1.1,0.0,12.5,22,80,7,19163
2020-07-06,31,31,22,27,30,6,30,28,3,208,1014,4,0.5,0.0,14.5,22,76,6,19163
2020-07-07,31,31,23,27,30,6,30,28,3,272,1014,5,2.6,0.0,12.5,23,78,6,19163
2020-07-08,31,31,23,27,30,6,30,28,4,186,1012,6,2.3,0.0,13.5,23,80,6,19163
2020-07-09,30,30,23,25,29,5,29,26,6,193,1009,10,17.3,0.0,13.5,22,86,6,19163
2020-07-10,27,27,19,23,24,5,24,24,12,316,1012,18,0.8,0.0,13.5,20,84,6,19163
2020-07-11,28,28,21,24,27,5,27,26,6,267,1012,10,12.7,0.0,10.4,22,87,6,19163
2020-07-12,25,25,18,21,22,6,22,23,7,23,1011,11,0.4,0.0,13.5,19,84,5,19163
2020-07-13,26,26,18,22,24,6,24,24,5,146,1014,8,0.0,0.0,14.5,19,84,6,19163
2020-07-14,27,27,18,23,25,6,25,24,11,172,1014,16,0.4,0.0,14.5,21,88,5,19163
2020-07-15,23,23,14,20,20,3,22,21,8,145,1014,13,29.3,0.0,9.3,20,94,5,19163
2020-07-16,28,28,17,21,22,4,22,23,4,203,1017,7,0.0,0.0,13.5,19,85,5,19163
2020-07-17,29,29,19,24,26,4,26,25,8,176,1017,12,0.1,0.0,13.5,22,89,6,19163
2020-07-18,30,30,22,26,31,5,31,27,13,202,1012,19,0.6,0.0,12.4,24,89,6,19163
2020-07-19,26,26,22,25,27,6,27,25,12,309,1011,18,2.0,0.0,12.4,22,82,7,19163
2020-07-20,28,28,20,23,24,6,24,25,4,143,1016,7,0.0,0.0,14.5,19,78,6,19163
2020-07-21,25,25,19,22,24,5,24,23,5,216,1014,9,3.7,0.0,10.3,20,88,5,19163
2020-07-22,25,25,19,22,23,4,23,23,7,327,1014,10,0.0,0.0,12.4,19,88,5,19163
2020-07-23,24,24,16,20,20,5,21,21,4,131,1019,7,0.0,0.0,14.5,17,84,6,19163
2020-07-24,28,28,18,23,24,4,24,24,6,143,1019,9,0.0,0.0,14.5,20,86,6,19163
2020-07-25,29,29,20,25,28,4,28,26,8,184,1017,12,1.6,0.0,13.4,23,89,6,19163
2020-07-26,30,30,23,26,31,5,31,28,9,217,1015,14,5.7,0.0,13.4,24,88,6,19163
2020-07-27,25,25,20,23,25,5,25,23,7,334,1013,12,3.3,0.0,13.4,20,85,6,19163
2020-07-28,27,27,17,22,23,6,23,23,8,245,1014,12,0.0,0.0,14.5,19,82,6,19163
2020-07-29,29,29,20,24,26,6,26,25,5,248,1013,8,1.3,0.0,14.5,21,81,6,19163
2020-07-30,25,25,20,23,24,5,24,23,8,67,1012,12,9.3,0.0,9.2,20,88,5,19163
2020-07-31,24,24,16,20,20,6,21,21,8,39,1014,12,0.9,0.0,12.4,17,84,5,19163
2020-08-01,24,24,18,21,21,6,22,22,5,34,1012,7,0.3,0.0,13.4,18,83,5,19163
2020-08-02,22,22,17,19,19,5,20,21,7,331,1012,12,4.0,0.0,11.3,17,87,5,19163
2020-08-03,20,20,14,17,17,5,17,18,9,11,1017,14,1.4,0.0,10.2,15,86,4,19163
2020-08-04,20,20,12,16,16,5,16,17,6,242,1019,10,0.4,0.0,13.4,13,81,4,19163
2020-08-05,22,22,14,18,18,5,19,19,4,246,1019,6,1.4,0.0,7.1,14,80,4,19163
2020-08-06,24,24,15,19,19,6,20,21,6,164,1019,9,0.1,0.0,11.6,15,79,6,19163
2020-08-07,25,25,16,20,20,6,21,22,9,160,1019,14,0.1,0.0,11.6,17,84,6,19163
2020-08-08,27,27,19,23,24,5,24,23,10,191,1017,16,8.2,0.0,9.3,21,89,5,19163
2020-08-09,30,30,21,25,28,5,28,26,10,170,1015,15,0.5,0.0,9.3,23,88,6,19163
2020-08-10,29,29,21,25,29,4,29,26,7,255,1012,11,0.5,0.0,8.2,23,87,6,19163
2020-08-11,26,26,16,21,21,6,21,22,5,37,1015,8,0.0,0.0,11.6,15,73,6,19163
2020-08-12,26,26,16,21,22,6,22,22,7,112,1018,11,0.0,0.0,11.6,17,77,6,19163
2020-08-13,28,28,19,23,24,5,24,24,6,114,1017,10,0.0,0.0,11.6,19,82,6,19163
2020-08-14,27,27,18,22,23,6,23,24,5,105,1015,8,0.0,0.0,11.6,18,78,6,19163
2020-08-15,24,24,18,21,22,5,22,22,9,341,1014,13,0.6,0.0,9.3,17,81,5,19163
2020-08-16,27,27,15,21,22,6,22,23,7,288,1017,11,0.7,0.0,11.6,17,77,6,19163
2020-08-17,25,25,18,21,22,6,22,23,8,234,1016,12,5.5,0.0,7.9,18,83,5,19163
2020-08-18,23,23,13,18,18,6,19,20,8,24,1017,13,0.4,0.0,11.6,15,81,5,19163
2020-08-19,25,25,17,20,21,6,21,22,3,107,1018,5,0.0,0.0,11.6,15,73,6,19163
2020-08-20,26,26,16,20,21,6,21,22,6,211,1015,10,0.0,0.0,11.6,16,75,6,19163
2020-08-21,27,27,16,21,22,6,22,23,6,194,1013,9,0.0,0.0,11.6,16,75,6,19163
2020-08-22,28,28,17,22,23,6,23,24,7,195,1013,12,2.5,0.0,11.6,17,77,6,19163
2020-08-23,30,30,20,25,27,5,27,26,6,278,1013,10,1.0,0.0,10.4,21,81,6,19163
2020-08-24,33,33,22,27,30,6,30,28,5,256,1015,8,0.2,0.0,11.6,21,73,7,19163
2020-08-25,32,32,23,27,30,6,30,28,7,237,1015,11,0.2,0.0,11.6,22,75,7,19163
2020-08-26,32,32,22,26,29,6,29,28,9,227,1013,15,0.0,0.0,11.6,21,73,7,19163
2020-08-27,32,32,22,26,29,6,29,28,8,229,1010,13,0.1,0.0,11.6,22,76,6,19163
2020-08-28,31,31,22,26,29,5,29,28,8,239,1007,13,1.1,0.0,10.3,22,78,6,19163
2020-08-29,24,24,17,20,20,6,21,21,10,338,1011,15,0.9,0.0,11.6,15,75,6,19163
2020-08-30,24,24,14,19,19,6,20,20,6,130,1011,11,0.0,0.0,11.6,13,73,6,19163
2020-08-31,26,26,15,20,21,5,21,22,9,232,1008,15,6.0,0.0,9.1,17,83,5,19163
2020-09-01,19,19,11,15,15,5,16,17,7,57,1011,12,3.4,0.0,7.8,14,82,4,19163
2020-09-02,27,27,16,22,23,5,23,22,7,295,1009,11,0.6,0.0,11.6,16,72,6,19163
2020-09-03,25,25,15,20,21,6,21,22,12,296,1010,19,0.0,0.0,11.6,13,63,6,19163
2020-09-04,25,25,12,18,18,6,19,20,7,265,1020,11,0.0,0.0,11.6,9,57,5,19163
2020-09-05,26,26,16,20,20,6,21,22,9,321,1022,15,0.0,0.0,11.6,11,55,6,19163
2020-09-06,31,31,17,23,24,5,24,24,15,197,1012,24,17.8,0.0,9.0,18,77,5,19163
2020-09-07,20,20,14,17,17,6,17,18,10,22,1012,16,3.9,0.0,11.6,12,70,5,19163
2020-09-08,14,14,4,9,9,4,11,12,15,29,1019,23,13.9,0.0,6.4,10,91,3,19163
2020-09-09,15,15,9,10,10,5,12,13,12,37,1025,18,0.4,0.0,6.4,10,91,3,19163
2020-09-10,10,10,6,7,7,3,10,10,10,37,1028,16,7.5,0.0,6.4,9,95,2,19163
2020-09-11,15,15,11,13,13,4,14,14,10,89,1023,16,23.5,0.0,6.4,14,98,3,19163
2020-09-12,21,21,17,19,19,5,19,19,9,238,1013,14,27.8,0.0,7.7,17,92,4,19163
2020-09-13,22,22,11,17,17,4,17,18,6,324,1019,9,0.0,0.0,11.6,14,83,5,19163
2020-09-14,24,24,14,19,19,5,19,20,5,121,1025,9,0.0,0.0,11.6,15,82,5,19163
2020-09-15,25,25,14,19,19,6,20,20,8,204,1022,13,0.0,0.0,11.6,15,82,6,19163
2020-09-16,25,25,15,19,19,5,20,21,9,269,1017,15,0.1,0.0,10.3,16,81,6,19163
2020-09-17,20,20,11,14,14,6,15,17,9,27,1021,15,0.0,0.0,11.6,11,79,5,19163
2020-09-18,17,17,9,11,11,5,12,14,8,75,1026,13,0.0,0.0,11.6,8,74,4,19163
2020-09-19,17,17,7,11,11,6,12,13,7,148,1027,11,0.0,0.0,11.6,6,68,4,19163
2020-09-20,20,20,9,13,13,6,14,15,9,159,1026,15,0.0,0.0,11.6,8,68,5,19163
2020-09-21,22,22,10,15,15,6,16,17,9,178,1025,15,0.0,0.0,11.6,11,73,5,19163
2020-09-22,25,25,13,18,18,6,18,20,6,203,1021,11,0.0,0.0,11.6,13,76,5,19163
2020-09-23,24,24,15,19,19,6,19,20,6,202,1016,10,0.0,0.0,11.6,15,80,6,19163
2020-09-24,24,24,14,19,19,5,19,20,10,199,1013,16,0.2,0.0,10.2,15,78,5,19163
2020-09-25,25,25,14,19,19,6,20,21,11,180,1011,17,0.0,0.0,11.6,15,75,6,19163
2020-09-26,27,27,17,22,23,6,23,22,15,201,1005,23,0.0,0.0,11.6,16,70,6,19163
2020-09-27,19,19,5,15,15,5,17,17,10,319,1008,15,12.8,0.0,8.8,11,69,4,19163
2020-09-28,16,16,9,10,10,6,12,13,12,310,1010,17,5.6,0.0,8.8,8,78,3,19163
2020-09-29,16,16,6,9,9,4,11,12,9,276,1011,14,0.6,0.0,5.9,6,77,3,19163
2020-09-30,17,17,10,12,12,6,14,15,15,302,1007,24,0.2,0.0,8.8,6,60,4,19163
2020-10-01,13,13,7,8,8,6,10,11,12,313,1018,18,0.6,0.0,7.2,5,69,3,19163
2020-10-02,12,12,3,7,7,6,8,9,5,302,1023,8,0.1,0.0,8.7,2,68,2,19163
2020-10-03,12,12,7,8,8,6,9,10,4,178,1021,7,1.2,0.0,5.7,4,72,3,19163
2020-10-04,12,12,2,5,5,6,7,8,7,228,1024,10,1.2,0.0,11.4,1,68,3,19163
2020-10-05,16,16,4,8,8,6,10,11,12,187,1020,20,0.0,0.0,11.3,3,61,4,19163
2020-10-06,22,22,10,15,15,6,16,18,11,279,1012,18,0.0,0.0,11.3,8,62,5,19163
2020-10-07,23,23,14,18,18,6,19,20,8,328,1013,14,0.0,0.0,11.3,9,55,5,19163
2020-10-08,21,21,11,16,16,6,16,17,6,82,1020,10,0.0,0.0,11.2,6,55,5,19163
2020-10-09,26,26,14,19,19,6,21,21,13,205,1011,21,0.0,0.0,11.2,11,60,6,19163
2020-10-10,24,24,17,20,20,6,21,22,10,106,1011,14,0.0,0.0,8.6,16,76,5,19163
2020-10-11,25,25,14,18,18,6,19,19,11,136,1011,16,0.0,0.0,5.7,12,68,4,19163
2020-10-12,19,19,12,15,15,6,16,16,14,313,1008,22,1.8,0.0,7.2,8,61,4,19163
2020-10-13,19,19,10,14,14,6,15,16,11,259,1016,17,0.0,0.0,8.7,2,44,5,19163
2020-10-14,24,24,10,15,15,6,17,17,14,210,1008,22,0.0,0.0,8.7,3,44,5,19163
2020-10-15,11,11,6,5,5,6,8,9,13,309,1016,18,0.4,0.0,8.7,-4,43,3,19163
2020-10-16,12,12,4,5,5,6,7,9,10,260,1022,16,0.0,0.0,8.7,-6,40,3,19163
2020-10-17,18,18,6,11,11,6,12,14,17,209,1014,26,0.0,0.0,5.7,-2,38,3,19163
2020-10-18,8,8,3,4,4,5,6,5,9,336,1021,13,2.8,1.0,5.6,-1,61,2,19163
2020-10-19,3,3,-5,-2,-2,3,1,2,6,35,1025,9,5.2,1.7,4.1,-2,77,1,19163
2020-10-20,7,7,-1,0,0,4,3,4,7,108,1021,12,0.4,0.0,4.1,2,88,1,19163
2020-10-21,14,14,3,6,6,6,8,9,7,183,1021,11,1.3,0.0,8.7,2,71,3,19163
2020-10-22,21,21,8,14,14,5,16,16,11,167,1014,19,10.7,0.0,4.1,13,88,4,19163
2020-10-23,7,7,3,4,4,4,7,6,14,330,1018,21,16.7,0.0,4.1,5,84,2,19163
2020-10-24,7,7,-1,0,0,6,3,3,7,41,1026,10,0.1,0.0,8.7,-2,70,2,19163
2020-10-25,6,6,0,-2,-2,5,2,3,11,35,1025,16,0.2,0.0,4.0,-2,74,1,19163
2020-10-26,3,3,-2,-5,-5,5,0,0,10,348,1028,14,1.0,0.6,5.6,-4,77,1,19163
2020-10-27,5,5,-3,-2,-2,6,1,2,6,271,1027,9,0.0,0.0,7.1,-6,63,1,19163
2020-10-28,10,10,-2,1,1,6,4,5,8,236,1018,12,0.0,0.0,8.7,-5,52,2,19163
2020-10-29,6,6,3,1,1,5,4,5,11,11,1016,16,0.1,0.0,5.6,0,74,1,19163
2020-10-30,8,8,-1,1,1,5,3,4,5,142,1025,8,0.1,0.1,8.7,-2,69,2,19163
2020-10-31,16,16,2,6,6,6,9,10,16,194,1018,24,0.0,0.0,8.7,2,64,3,19163
2020-11-01,5,5,-1,-3,-3,6,3,2,17,313,1025,25,0.0,0.0,8.7,-8,44,2,19163
2020-11-02,12,12,-2,1,1,6,4,5,11,241,1025,18,0.0,0.0,8.7,-6,48,3,19163
2020-11-03,18,18,6,10,10,6,11,13,10,207,1018,17,0.0,0.0,8.7,5,66,4,19163
2020-11-04,19,19,11,13,13,6,15,15,12,218,1017,20,0.0,0.0,8.7,9,68,5,19163
2020-11-05,20,20,13,15,15,6,16,16,8,242,1020,13,0.0,0.0,8.7,9,66,5,19163
2020-11-06,22,22,11,15,15,6,16,17,9,207,1020,16,0.0,0.0,8.7,12,77,5,19163
2020-11-07,20,20,12,15,15,6,16,17,12,195,1019,19,0.0,0.0,8.7,10,70,5,19163
2020-11-08,22,22,14,17,17,6,18,19,13,178,1018,21,0.0,0.0,8.7,14,79,4,19163
2020-11-09,21,21,17,19,19,6,19,19,15,186,1014,23,0.6,0.0,3.8,16,81,4,19163
2020-11-10,20,20,11,17,17,5,18,19,19,184,1006,28,6.3,0.0,3.8,13,81,4,19163
2020-11-11,9,9,-1,0,0,6,3,4,9,251,1018,13,0.0,0.0,8.7,-3,63,2,19163
2020-11-12,12,12,3,4,4,6,7,8,8,183,1018,13,0.0,0.0,8.7,0,63,3,19163
2020-11-13,5,5,-4,-3,-3,6,0,1,8,277,1023,12,0.0,0.0,8.7,-9,49,2,19163
2020-11-14,9,9,-1,0,0,5,4,5,15,162,1009,24,10.5,0.0,3.7,-1,69,1,19163
2020-11-15,6,6,2,0,0,5,5,5,21,281,1005,30,18.0,0.0,5.4,0,70,1,19163
2020-11-16,11,11,0,1,1,6,4,6,12,241,1019,19,0.0,0.0,8.7,-3,61,3,19163
2020-11-17,5,5,-3,-2,-2,6,1,2,6,289,1032,10,0.0,0.0,8.7,-7,55,2,19163
2020-11-18,10,10,1,1,1,6,5,6,15,183,1026,25,0.0,0.0,8.7,-5,47,3,19163
2020-11-19,18,18,11,13,13,6,14,15,18,217,1014,30,0.0,0.0,8.7,6,59,5,19163
2020-11-20,11,11,7,8,8,6,10,10,8,341,1025,14,0.0,0.0,5.4,5,71,2,19163
2020-11-21,6,6,2,2,2,6,4,4,6,49,1033,10,0.1,0.0,3.7,-2,64,1,19163
2020-11-22,7,7,2,2,2,6,4,5,6,163,1025,9,0.1,0.0,7.0,1,78,1,19163
2020-11-23,5,5,0,0,0,6,2,2,5,197,1026,9,0.2,0.0,3.5,-3,71,1,19163
2020-11-24,5,5,-1,-1,-1,5,3,4,12,150,1018,20,7.3,0.0,3.5,1,81,1,19163
2020-11-25,8,8,2,5,5,3,7,7,7,185,1008,10,22.8,0.0,3.5,6,96,2,19163
2020-11-26,10,10,6,5,5,5,7,8,8,245,1015,13,0.0,0.0,8.7,5,84,2,19163
2020-11-27,7,7,1,1,1,6,4,4,7,304,1020,12,0.0,0.0,8.7,-1,72,2,19163
2020-11-28,8,8,-1,0,0,6,3,4,9,236,1021,15,0.0,0.0,8.7,-3,63,2,19163
2020-11-29,6,6,0,0,0,6,4,5,12,289,1018,18,0.0,0.0,7.0,-1,72,1,19163
2020-11-30,-1,-1,-5,-9,-9,6,-3,-3,13,341,1022,19,0.0,0.0,8.7,-11,55,2,19163
2020-12-01,2,2,-5,-6,-6,6,-3,-2,6,315,1020,10,0.0,0.0,8.7,-10,57,2,19163
2020-12-02,4,4,-4,-1,-1,6,0,1,3,145,1025,5,0.0,0.0,3.5,-10,46,1,19163
2020-12-03,4,4,-2,-3,-3,6,0,1,6,251,1024,11,0.0,0.0,8.7,-8,55,2,19163
2020-12-04,6,6,-1,-2,-2,6,2,2,7,216,1016,12,0.0,0.0,8.7,-3,73,2,19163
2020-12-05,5,5,-1,0,0,6,1,2,3,120,1022,5,0.0,0.0,8.7,-3,74,2,19163
2020-12-06,4,4,-1,0,0,6,1,2,3,111,1018,5,0.0,0.0,8.7,-3,72,2,19163
2020-12-07,5,5,-1,0,0,6,2,3,4,222,1018,6,0.0,0.0,8.7,-2,79,1,19163
2020-12-08,5,5,1,0,0,6,3,3,6,195,1017,9,0.0,0.0,6.9,-1,80,1,19163
2020-12-09,9,9,2,3,3,6,5,6,6,271,1012,11,0.0,0.0,8.7,0,69,3,19163
2020-12-10,9,9,3,3,3,6,5,6,6,140,1015,10,0.0,0.0,8.7,2,78,3,19163
2020-12-11,3,3,2,-2,-2,4,3,2,12,90,1015,18,16.6,0.0,3.4,1,90,1,19163
2020-12-12,4,4,-1,-3,-3,4,2,2,16,50,1012,23,6.2,0.3,3.4,0,88,1,19163
2020-12-13,2,2,-2,-5,-5,6,-1,-1,7,294,1022,11,0.0,0.0,8.7,-5,74,2,19163
2020-12-14,-3,-3,-5,-8,-8,6,-3,-4,9,256,1025,13,0.0,0.0,6.9,-9,66,1,19163
2020-12-15,-2,-2,-6,-8,-8,6,-4,-3,7,76,1027,10,0.0,0.0,8.7,-13,48,1,19163
2020-12-16,-1,-1,-5,-6,-6,6,-2,-2,6,183,1019,8,0.0,0.0,3.4,-6,75,1,19163
2020-12-17,1,1,-4,-4,-4,6,-2,-1,4,197,1020,7,0.0,0.0,6.9,-5,76,1,19163
2020-12-18,4,4,-3,-5,-5,6,0,1,12,165,1021,19,0.0,0.0,5.2,-3,79,1,19163
2020-12-19,3,3,-2,-2,-2,3,2,2,8,250,1016,14,1.0,0.1,3.4,0,91,1,19163
2020-12-20,2,2,-4,-5,-5,4,-1,0,7,242,1013,11,0.0,0.0,5.2,-3,84,1,19163
2020-12-21,5,5,-2,-3,-3,6,2,3,14,270,1008,23,0.1,0.0,8.7,-2,75,1,19163
2020-12-22,4,4,-3,-4,-4,6,0,1,10,217,1017,16,0.0,0.0,8.7,-4,74,2,19163
2020-12-23,9,9,-1,1,1,5,5,5,23,214,1002,34,0.4,0.0,3.4,0,73,2,19163
2020-12-24,-10,-10,-13,-20,-20,5,-10,-12,18,302,1011,22,0.0,0.0,5.2,-18,55,1,19163
2020-12-25,-6,-6,-14,-18,-18,6,-10,-10,11,287,1017,15,0.0,0.0,8.7,-18,53,1,19163
2020-12-26,0,0,-8,-7,-7,6,-4,-3,5,262,1016,9,0.0,0.0,8.7,-9,69,2,19163
2020-12-27,2,2,-3,-5,-5,6,-1,0,9,213,1010,15,0.0,0.0,3.4,-3,83,1,19163
2020-12-28,-2,-2,-6,-9,-9,6,-4,-4,10,306,1027,14,0.0,0.0,8.7,-9,67,1,19163
2020-12-29,-3,-3,-8,-10,-10,5,-5,-5,9,141,1030,13,1.6,0.2,3.4,-8,78,1,19163
2020-12-30,3,3,-9,-7,-7,5,-2,-1,12,247,1015,20,11.8,3.5,6.9,-3,94,1,19163
2020-12-31,-7,-7,-14,-14,-14,6,-11,-10,4,166,1026,8,0.0,0.0,8.7,-12,91,2,19163
2021-01-01,-1,-1,-10,-10,-10,3,-5,-3,11,52,1019,18,15.6,6.5,3.4,-5,93,1,19163
2021-01-02,-2,-2,-7,-7,-7,5,-5,-4,4,173,1019,8,2.0,1.3,6.9,-6,90,1,19163
2021-01-03,-2,-2,-6,-7,-7,2,-5,-4,4,177,1015,7,0.0,0.0,6.9,-5,95,1,19163
2021-01-04,1,1,-4,-6,-6,6,-1,0,9,243,1016,15,0.0,0.0,3.4,-2,97,1,19163
2021-01-05,-1,-1,-6,-7,-7,6,-4,-3,5,232,1020,11,0.0,0.0,8.7,-5,89,2,19163
2021-01-06,-1,-1,-5,-8,-8,6,-3,-3,9,100,1024,15,0.2,0.0,3.4,-4,93,1,19163
2021-01-07,-1,-1,-5,-8,-8,3,-3,-3,7,55,1029,13,0.1,0.0,3.4,-4,94,1,19163
2021-01-08,-3,-3,-6,-9,-9,3,-4,-4,8,14,1028,12,0.0,0.0,3.5,-5,95,1,19163
2021-01-09,-4,-4,-5,-7,-7,4,-4,-4,5,286,1028,7,0.1,0.1,3.5,-5,93,1,19163
2021-01-10,-4,-4,-8,-10,-10,3,-7,-7,5,302,1030,8,0.1,0.1,5.2,-8,94,1,19163
2021-01-11,-3,-3,-11,-12,-12,4,-7,-7,8,240,1027,13,0.1,0.1,8.7,-8,95,1,19163
2021-01-12,0,0,-4,-6,-6,6,-2,-2,10,236,1019,17,0.0,0.0,8.7,-2,93,2,19163
2021-01-13,2,2,-6,-5,-5,6,0,0,10,220,1012,19,0.0,0.0,5.2,-1,90,1,19163
2021-01-14,1,1,-1,-5,-5,4,0,0,11,246,1002,19,1.0,0.3,3.5,-1,94,1,19163
2021-01-15,0,0,-4,-5,-5,3,-1,-1,7,266,998,11,1.9,1.5,3.5,-2,95,1,19163
2021-01-16,1,1,-5,-7,-7,3,-2,0,11,311,1008,16,1.8,1.4,3.5,-2,94,1,19163
2021-01-17,-3,-3,-6,-10,-10,4,-5,-4,9,298,1010,13,1.4,0.9,3.7,-6,93,1,19163
2021-01-18,-4,-4,-9,-12,-12,4,-7,-6,7,286,1016,11,0.0,0.0,3.7,-8,92,1,19163
2021-01-19,-8,-8,-14,-16,-16,4,-10,-10,8,280,1024,12,0.3,0.1,5.3,-11,90,1,19163
2021-01-20,2,2,-11,-10,-10,6,-5,-4,12,236,1020,21,0.0,0.0,8.7,-6,88,2,19163
2021-01-21,0,0,-4,-7,-7,6,-2,-2,11,274,1011,19,0.0,0.0,8.7,-4,85,2,19163
2021-01-22,-12,-12,-15,-20,-20,6,-13,-14,10,315,1024,15,0.0,0.0,8.7,-14,87,2,19163
2021-01-23,-7,-7,-14,-15,-15,5,-11,-10,6,142,1028,10,0.1,0.0,5.4,-13,82,1,19163
2021-01-24,-1,-1,-7,-7,-7,2,-3,-3,7,92,1018,11,4.7,2.6,3.7,-4,96,1,19163
2021-01-25,-1,-1,-7,-10,-10,3,-3,-3,17,62,1013,25,11.3,0.0,3.7,-4,94,1,19163
2021-01-26,-2,-2,-5,-9,-9,1,-3,-2,16,43,1011,24,12.2,3.2,3.7,-3,95,1,19163
2021-01-27,-8,-8,-13,-16,-16,4,-9,-9,10,164,1028,16,1.0,0.6,3.7,-11,91,1,19163
2021-01-28,-8,-8,-16,-16,-16,6,-13,-12,4,131,1038,8,0.0,0.0,8.7,-14,87,2,19163
2021-01-29,-1,-1,-12,-12,-12,6,-7,-5,10,130,1027,16,0.0,0.0,5.4,-7,93,1,19163
2021-01-30,-1,-1,-5,-8,-8,4,-2,-2,13,116,1013,21,5.7,0.0,3.8,-3,94,1,19163
2021-01-31,1,1,-3,-6,-6,3,0,0,12,141,1011,20,8.6,4.8,3.8,0,98,1,19163
2021-02-01,-2,-2,-7,-9,-9,5,-4,-4,8,332,1025,14,0.2,0.1,5.4,-5,94,1,19163
2021-02-02,-3,-3,-6,-7,-7,4,-4,-4,4,244,1026,6,0.1,0.0,5.4,-5,93,1,19163
2021-02-03,-1,-1,-9,-9,-9,6,-5,-4,7,151,1021,12,0.0,0.0,8.7,-6,90,2,19163
2021-02-04,1,1,-6,-4,-4,3,0,0,14,208,1000,22,18.4,9.5,3.8,-2,94,1,19163
2021-02-05,-13,-13,-16,-25,-25,6,-15,-15,15,280,1010,24,0.0,0.0,3.8,-16,87,1,19163
2021-02-06,-17,-17,-21,-28,-28,4,-19,-19,10,300,1023,16,1.3,1.0,3.8,-20,91,1,19163
2021-02-07,-19,-19,-30,-32,-32,5,-24,-24,6,287,1030,10,0.2,0.0,5.4,-26,85,1,19163
2021-02-08,-15,-15,-21,-25,-25,2,-18,-18,7,36,1029,10,4.9,4.2,3.8,-19,97,1,19163
2021-02-09,-14,-14,-23,-25,-25,5,-18,-18,6,102,1033,11,0.5,0.4,8.7,-20,85,2,19163
2021-02-10,-14,-14,-17,-23,-23,3,-16,-16,8,66,1034,12,2.1,1.7,3.8,-17,92,1,19163
2021-02-11,-17,-17,-23,-28,-28,5,-19,-19,9,37,1037,14,0.3,0.1,5.5,-20,92,1,19163
2021-02-12,-19,-19,-23,-30,-30,6,-20,-21,11,342,1037,17,0.0,0.0,3.9,-22,88,1,19163
2021-02-13,-19,-19,-23,-31,-31,3,-21,-21,9,344,1037,14,1.5,1.1,3.9,-22,93,1,19163
2021-02-14,-21,-21,-24,-33,-33,4,-23,-22,10,346,1038,16,0.9,0.8,4.0,-24,90,1,19163
2021-02-15,-18,-18,-24,-31,-31,6,-21,-21,10,111,1034,16,0.1,0.1,4.1,-23,88,1,19163
2021-02-16,-12,-12,-20,-23,-23,3,-17,-16,6,254,1026,9,0.3,0.3,4.1,-18,93,1,19163
2021-02-17,-9,-9,-19,-17,-17,3,-14,-13,3,146,1029,5,0.1,0.0,4.1,-15,93,1,19163
2021-02-18,-8,-8,-15,-17,-17,3,-12,-11,6,244,1028,10,0.2,0.1,4.1,-13,94,1,19163
2021-02-19,-10,-10,-19,-20,-20,2,-15,-14,6,281,1029,10,0.0,0.0,4.1,-15,94,1,19163
2021-02-20,-4,-4,-17,-14,-14,4,-10,-9,5,155,1028,8,0.2,0.2,5.6,-11,94,1,19163
