date,tempC,maxtempC,mintempC,WindChillC,FeelsLikeC,visibilityMiles,HeatIndexC,avgtempC,windspeedMiles,winddirDegree,pressure,WindGustMiles,precipMM,totalSnow_cm,sunHour,DewPointC,humidity,uvIndex,fips
2019-01-01,-18,-18,-28,-25,-25,6,-22,-22,3,282,1033,9,0.0,0.0,5.8,-26,72,2,27021
2019-01-02,-12,-12,-21,-23,-23,5,-16,-16,6,202,1016,11,0.1,0.0,2.1,-18,81,1,27021
2019-01-03,-2,-2,-7,-9,-9,5,-4,-4,8,245,1006,13,0.2,0.1,5.8,-5,88,1,27021
2019-01-04,-3,-3,-7,-8,-8,3,-5,-5,4,237,1007,9,0.0,0.0,5.8,-6,91,1,27021
2019-01-05,-1,-1,-5,-6,-6,4,-3,-3,6,326,1012,12,0.0,0.0,2.1,-4,91,1,27021
2019-01-06,-4,-4,-10,-9,-9,4,-6,-6,6,123,1020,14,0.6,0.0,2.1,-8,88,1,27021
2019-01-07,-3,-3,-4,-6,-6,3,-3,-3,4,262,1009,13,6.0,5.1,4.0,-4,93,1,27021
2019-01-08,-8,-8,-13,-17,-17,5,-10,-10,12,299,1015,18,0.3,0.0,2.1,-12,80,1,27021
2019-01-09,-13,-13,-18,-19,-19,6,-15,-16,4,327,1034,12,0.0,0.0,2.1,-18,78,1,27021
2019-01-10,-9,-9,-19,-15,-15,6,-13,-13,2,141,1030,8,0.0,0.0,5.8,-15,81,1,27021
2019-01-11,-8,-8,-12,-10,-10,6,-9,-10,1,99,1026,7,0.1,0.0,2.1,-11,86,1,27021
2019-01-12,-6,-6,-9,-7,-7,4,-7,-7,1,87,1030,8,0.3,0.0,3.2,-8,90,1,27021
2019-01-13,-4,-4,-7,-8,-8,4,-5,-5,5,208,1029,10,0.2,0.0,3.2,-7,88,1,27021
2019-01-14,-4,-4,-8,-8,-8,4,-5,-6,4,357,1023,6,0.0,0.0,5.1,-7,88,1,27021
2019-01-15,-9,-9,-10,-15,-15,4,-10,-9,5,274,1020,15,0.5,0.4,3.4,-12,84,1,27021
2019-01-16,-15,-15,-22,-18,-18,6,-17,-17,1,88,1028,6,0.0,0.0,6.9,-22,72,1,27021
2019-01-17,-14,-14,-21,-18,-18,6,-17,-17,1,316,1024,6,0.0,0.0,6.9,-21,76,1,27021
2019-01-18,-20,-20,-25,-24,-24,6,-22,-22,2,17,1031,8,0.0,0.0,3.4,-26,70,1,27021
2019-01-19,-21,-21,-31,-26,-26,6,-26,-25,1,344,1035,6,0.0,0.0,9.5,-30,64,2,27021
2019-01-20,-21,-21,-32,-27,-27,6,-26,-26,1,88,1035,7,0.0,0.0,9.5,-31,66,2,27021
2019-01-21,-13,-13,-22,-24,-24,4,-18,-17,7,160,1025,14,3.8,3.0,4.8,-20,79,1,27021
2019-01-22,-11,-11,-14,-15,-15,2,-12,-12,4,279,1018,7,9.8,8.4,4.8,-15,86,1,27021
2019-01-23,-10,-10,-20,-16,-16,2,-14,-14,4,210,1016,5,0.3,0.2,4.8,-16,85,1,27021
2019-01-24,-22,-22,-24,-32,-32,4,-21,-23,12,320,1026,16,0.9,0.9,4.8,-25,70,1,27021
2019-01-25,-22,-22,-33,-28,-28,4,-27,-27,1,336,1026,5,0.0,0.0,6.5,-31,73,1,27021
2019-01-26,-19,-19,-30,-26,-26,6,-24,-23,3,286,1021,8,0.0,0.0,4.8,-28,74,1,27021
2019-01-27,-22,-22,-35,-30,-30,2,-27,-28,5,150,1019,10,4.1,2.6,4.8,-30,70,1,27021
2019-01-28,-18,-18,-22,-25,-25,3,-20,-20,4,329,1019,11,7.1,6.5,4.8,-23,76,1,27021
2019-01-29,-29,-29,-30,-40,-40,5,-29,-30,10,321,1024,16,0.1,0.0,4.8,-33,65,1,27021
2019-01-30,-27,-27,-34,-40,-40,5,-31,-30,7,309,1028,11,0.0,0.0,4.9,-35,68,1,27021
2019-01-31,-24,-24,-39,-32,-32,4,-30,-30,3,170,1028,6,0.0,0.0,6.6,-34,69,1,27021
2019-02-01,-11,-11,-25,-22,-22,2,-18,-18,5,177,1020,11,0.1,0.0,4.9,-21,78,1,27021
2019-02-02,-3,-3,-15,-10,-10,2,-8,-8,2,103,1011,7,0.2,0.1,4.9,-11,85,1,27021
2019-02-03,-6,-6,-9,-10,-10,2,-7,-7,4,126,1008,9,0.9,0.4,4.9,-10,86,1,27021
2019-02-04,-12,-12,-14,-20,-20,3,-13,-13,6,339,1013,12,9.4,8.2,4.9,-16,82,1,27021
2019-02-05,-13,-13,-23,-23,-23,4,-17,-18,5,72,1027,7,0.6,0.3,4.9,-19,90,1,27021
2019-02-06,-7,-7,-13,-15,-15,1,-10,-10,5,48,1023,7,4.1,3.3,5.0,-11,94,1,27021
2019-02-07,-12,-12,-14,-21,-21,1,-13,-13,11,122,1020,15,12.7,10.7,5.0,-14,92,1,27021
2019-02-08,-21,-21,-28,-31,-31,5,-23,-24,6,311,1036,15,0.8,0.8,5.0,-28,70,1,27021
2019-02-09,-17,-17,-28,-24,-24,10,-23,-22,1,121,1044,5,0.3,0.3,5.0,-26,75,1,27021
2019-02-10,-13,-13,-22,-18,-18,4,-17,-17,3,70,1036,8,1.8,0.8,5.0,-20,75,1,27021
2019-02-11,-8,-8,-16,-14,-14,5,-11,-11,5,118,1024,10,0.6,0.3,5.0,-14,82,1,27021
2019-02-12,-7,-7,-10,-11,-11,2,-9,-8,4,129,1016,9,6.2,5.1,5.1,-11,85,1,27021
2019-02-13,-7,-7,-17,-13,-13,8,-11,-12,3,214,1012,9,0.4,0.3,6.7,-14,81,1,27021
2019-02-14,-12,-12,-15,-18,-18,5,-13,-13,7,315,1009,12,1.7,0.8,5.1,-16,80,1,27021
2019-02-15,-14,-14,-23,-23,-23,6,-18,-18,5,333,1021,12,0.2,0.0,6.7,-21,77,1,27021
2019-02-16,-9,-9,-24,-17,-17,7,-16,-15,1,111,1022,7,0.0,0.0,8.4,-19,77,1,27021
2019-02-17,-8,-8,-16,-14,-14,7,-12,-11,2,56,1024,10,0.2,0.1,6.7,-15,79,1,27021
2019-02-18,-12,-12,-23,-16,-16,5,-15,-16,0,334,1033,7,0.2,0.1,5.1,-19,79,1,27021
2019-02-19,-12,-12,-24,-18,-18,3,-17,-17,2,214,1034,8,0.0,0.0,10.0,-20,80,1,27021
2019-02-20,-8,-8,-15,-12,-12,1,-11,-11,3,96,1018,8,9.5,7.8,5.2,-13,86,1,27021
2019-02-21,-5,-5,-13,-9,-9,4,-9,-9,2,289,1020,6,1.8,1.6,5.2,-11,84,1,27021
2019-02-22,-7,-7,-18,-11,-11,3,-10,-11,2,218,1026,7,1.1,0.5,5.2,-12,86,1,27021
2019-02-23,-3,-3,-11,-8,-8,5,-6,-5,4,178,1016,9,6.0,5.2,5.2,-8,87,1,27021
2019-02-24,-11,-11,-21,-22,-22,2,-12,-12,14,310,1014,22,1.1,0.4,5.2,-15,77,1,27021
2019-02-25,-14,-14,-26,-26,-26,6,-20,-20,5,313,1035,10,0.0,0.0,6.8,-25,67,1,27021
2019-02-26,-13,-13,-29,-22,-22,4,-20,-20,2,184,1035,4,0.8,0.5,5.3,-24,72,1,27021
2019-02-27,-13,-13,-23,-23,-23,4,-17,-17,5,264,1032,9,2.0,1.9,8.5,-21,72,1,27021
2019-02-28,-11,-11,-21,-21,-21,4,-15,-15,5,252,1025,10,0.0,0.0,8.7,-18,76,1,27021
2019-03-01,-13,-13,-19,-19,-19,2,-14,-15,5,52,1025,5,1.9,1.5,5.7,-18,75,1,27021
2019-03-02,-16,-16,-21,-25,-25,3,-18,-18,6,318,1032,10,0.3,0.3,5.7,-22,71,1,27021
2019-03-03,-15,-15,-26,-24,-24,5,-20,-19,4,288,1033,12,0.3,0.2,5.8,-23,74,1,27021
2019-03-04,-14,-14,-24,-27,-27,3,-19,-19,8,270,1021,12,0.2,0.1,5.8,-20,87,1,27021
2019-03-05,-11,-11,-18,-23,-23,5,-15,-14,10,313,1022,14,0.2,0.0,5.8,-17,84,1,27021
2019-03-06,-9,-9,-18,-20,-20,4,-14,-12,7,309,1025,11,0.8,0.6,5.8,-16,88,1,27021
2019-03-07,-6,-6,-20,-18,-18,3,-14,-13,4,199,1030,6,0.0,0.0,8.7,-16,86,1,27021
2019-03-08,-2,-2,-12,-12,-12,5,-8,-7,6,186,1020,8,0.4,0.3,5.8,-9,88,1,27021
2019-03-09,-1,-1,-4,-6,-6,1,-2,-2,7,116,1010,10,20.6,16.1,5.9,-3,96,1,27021
2019-03-10,-5,-5,-9,-11,-11,3,-5,-5,11,304,1014,15,7.9,7.9,5.9,-7,88,1,27021
2019-03-11,-3,-3,-13,-13,-13,4,-8,-7,6,259,1028,9,0.0,0.0,7.3,-10,91,1,27021
2019-03-12,2,2,-8,-6,-6,6,-2,0,10,190,1014,15,0.2,0.0,7.3,-2,95,1,27021
2019-03-13,3,3,-2,-1,-1,2,1,1,6,98,1004,10,17.5,0.0,5.9,1,96,1,27021
2019-03-14,2,2,-1,-3,-3,3,1,2,11,346,998,16,6.6,0.2,5.9,0,91,1,27021
2019-03-15,-3,-3,-7,-10,-10,4,-4,-4,13,316,1018,17,0.7,0.3,6.0,-7,78,1,27021
2019-03-16,-1,-1,-11,-10,-10,5,-6,-5,5,292,1028,7,0.0,0.0,6.0,-9,84,1,27021
2019-03-17,2,2,-8,-6,-6,8,-3,-1,5,305,1026,8,0.7,0.4,7.4,-4,89,1,27021
2019-03-18,1,1,-3,-5,-5,11,-1,-1,6,250,1027,8,0.1,0.0,6.0,-3,87,1,27021
2019-03-19,3,3,-6,-5,-5,6,-1,-1,6,258,1022,10,0.1,0.0,7.4,-2,91,1,27021
2019-03-20,3,3,-1,-2,-2,3,2,2,9,344,1016,13,1.0,0.8,6.0,0,89,1,27021
2019-03-21,4,4,-3,-3,-3,4,1,2,9,314,1020,13,0.3,0.2,6.1,-1,90,1,27021
2019-03-22,5,5,-4,-2,-2,4,0,1,4,36,1026,7,0.0,0.0,11.6,-3,79,2,27021
2019-03-23,9,9,-3,0,0,5,3,4,6,223,1022,10,0.0,0.0,11.6,-2,79,2,27021
2019-03-24,1,1,-2,-3,-3,3,0,1,6,48,1025,8,0.6,0.4,6.1,-2,88,1,27021
2019-03-25,4,4,-6,-2,-2,6,-1,0,2,227,1031,4,0.0,0.0,10.2,-5,76,1,27021
2019-03-26,5,5,-5,-3,-3,5,0,1,6,202,1027,9,0.0,0.0,8.9,-3,83,1,27021
2019-03-27,9,9,2,2,2,6,5,7,9,229,1012,15,0.2,0.0,8.9,3,89,2,27021
2019-03-28,4,4,-3,-3,-3,12,1,2,8,330,1022,11,0.2,0.1,8.9,-3,80,1,27021
2019-03-29,6,6,-4,-4,-4,12,0,1,8,259,1022,10,0.1,0.1,8.9,-5,70,2,27021
2019-03-30,0,0,-6,-8,-8,12,-3,-3,10,334,1029,12,0.0,0.0,11.6,-11,57,1,27021
2019-03-31,2,2,-9,-6,-6,6,-4,-2,4,271,1027,6,0.2,0.0,7.7,-8,76,1,27021
2019-04-01,4,4,-6,-3,-3,6,-1,0,4,286,1020,5,0.0,0.0,7.7,-5,77,1,27021
2019-04-02,3,3,-4,-5,-5,5,-1,1,10,284,1012,14,1.4,0.9,7.7,-5,76,1,27021
2019-04-03,2,2,-5,-6,-6,6,-2,-1,6,307,1023,9,0.1,0.0,11.6,-7,68,2,27021
2019-04-04,8,8,-5,-3,-3,6,1,2,9,152,1025,13,0.0,0.0,10.3,-5,67,2,27021
2019-04-05,9,9,1,2,2,4,4,5,5,207,1016,7,0.7,0.0,6.5,2,89,2,27021
2019-04-06,8,8,1,2,2,3,4,5,7,99,1016,11,0.4,0.0,6.5,4,95,1,27021
2019-04-07,12,12,5,6,6,3,8,8,5,226,1009,9,27.1,0.0,7.8,6,93,2,27021
2019-04-08,14,14,3,6,6,5,7,10,7,250,1009,11,14.9,0.0,6.6,4,82,2,27021
2019-04-09,3,3,-2,-2,-2,4,1,1,7,231,1017,10,0.0,0.0,9.1,-4,74,1,27021
2019-04-10,4,4,-5,-5,-5,6,-1,1,10,86,1022,13,0.1,0.0,6.6,-7,65,1,27021
2019-04-11,-1,-1,-8,-8,-8,3,-2,-1,15,71,1015,20,18.0,5.4,6.8,-6,72,1,27021
2019-04-12,1,1,-3,-5,-5,1,-1,0,10,129,1001,14,27.5,24.2,6.8,-2,94,1,27021
2019-04-13,1,1,-3,-5,-5,5,-1,-1,6,330,1016,8,0.7,0.5,6.9,-3,86,1,27021
2019-04-14,7,7,-5,0,0,6,2,3,4,140,1016,6,0.0,0.0,11.6,-3,78,2,27021
2019-04-15,6,6,-4,-2,-2,4,1,3,7,172,1011,12,3.3,0.0,8.1,-2,80,1,27021
2019-04-16,16,16,-1,6,6,4,7,10,3,261,1012,6,0.0,0.0,11.6,2,73,3,27021
2019-04-17,8,8,4,4,4,5,6,7,8,50,1010,12,11.0,0.0,6.9,4,84,2,27021
2019-04-18,11,11,4,5,5,5,7,7,7,117,1012,10,6.0,0.0,6.9,3,82,2,27021
2019-04-19,16,16,2,8,8,6,10,11,5,239,1015,9,0.0,0.0,11.6,-1,55,4,27021
2019-04-20,22,22,8,13,13,6,15,15,9,214,1006,13,0.2,0.0,11.6,4,54,4,27021
2019-04-21,11,11,6,7,7,5,9,10,9,61,1013,13,2.3,0.0,7.0,6,83,2,27021
2019-04-22,15,15,4,8,8,6,10,10,7,51,1020,10,0.3,0.0,9.3,1,64,2,27021
2019-04-23,18,18,4,10,10,6,11,13,6,266,1017,9,0.0,0.0,11.6,2,56,4,27021
2019-04-24,22,22,12,14,14,5,15,17,10,248,1006,15,0.7,0.0,10.5,5,50,4,27021
2019-04-25,19,19,8,12,12,6,13,15,9,307,1010,13,0.0,0.0,11.6,-1,41,4,27021
2019-04-26,12,12,2,5,5,6,8,8,9,330,1017,13,0.0,0.0,11.6,-4,50,3,27021
2019-04-27,11,11,1,4,4,6,6,7,5,245,1017,8,0.0,0.0,8.2,-6,46,2,27021
2019-04-28,10,10,-1,2,2,5,4,6,6,135,1019,9,2.2,0.0,8.2,-7,45,2,27021
2019-04-29,5,5,0,-1,-1,2,3,3,8,103,1017,12,11.7,5.4,7.1,1,88,1,27021
2019-04-30,8,8,-2,0,0,3,3,4,6,98,1025,8,0.9,0.0,7.1,-1,81,1,27021
2019-05-01,8,8,1,1,1,2,4,5,6,84,1021,8,6.3,0.9,7.1,1,86,2,27021
2019-05-02,10,10,0,4,4,4,6,6,4,280,1020,5,3.2,3.0,8.3,1,79,2,27021
2019-05-03,10,10,1,4,4,4,6,8,7,165,1017,10,9.3,0.0,12.4,2,80,2,27021
2019-05-04,17,17,4,7,7,4,9,12,8,276,1011,11,1.6,0.0,12.4,3,74,3,27021
2019-05-05,11,11,2,4,4,5,7,8,7,325,1013,10,2.0,0.0,13.4,-1,62,3,27021
2019-05-06,11,11,-1,3,3,6,6,6,6,339,1022,8,0.0,0.0,14.5,-5,54,3,27021
2019-05-07,17,17,-3,7,7,6,8,10,3,98,1027,5,0.0,0.0,14.5,-6,43,4,27021
2019-05-08,9,9,3,3,3,5,6,6,8,103,1021,12,6.1,0.0,9.3,0,71,2,27021
2019-05-09,9,9,3,2,2,5,5,6,10,239,1017,14,9.2,0.0,9.3,2,78,2,27021
2019-05-10,14,14,0,6,6,6,7,10,5,249,1019,8,0.0,0.0,14.5,-2,57,3,27021
2019-05-11,17,17,5,10,10,6,12,13,10,173,1013,15,0.1,0.0,14.5,2,56,4,27021
2019-05-12,16,16,4,10,10,4,11,12,7,185,1011,10,1.8,0.0,12.4,5,75,3,27021
2019-05-13,18,18,5,12,12,4,13,14,7,208,1011,10,0.0,0.0,12.4,6,70,3,27021
2019-05-14,21,21,8,13,13,6,15,16,6,276,1012,10,4.3,0.0,12.5,8,68,4,27021
2019-05-15,24,24,4,14,14,6,14,17,6,123,1013,10,0.1,0.0,14.5,1,44,5,27021
2019-05-16,15,15,10,11,11,5,13,12,10,342,1008,15,4.3,0.0,11.4,7,73,3,27021
2019-05-17,16,16,2,9,9,5,11,12,7,77,1014,10,0.2,0.0,14.5,-2,45,4,27021
2019-05-18,5,5,2,1,1,4,5,5,12,65,1013,18,22.7,0.0,9.4,3,89,1,27021
2019-05-19,4,4,-2,-1,-1,3,3,3,9,131,1015,14,13.3,6.5,9.5,1,85,1,27021
2019-05-20,21,21,3,11,11,6,12,14,3,34,1020,5,0.0,0.0,14.5,-1,46,4,27021
2019-05-21,18,18,5,10,10,6,11,14,9,108,1018,12,0.0,0.0,14.5,2,55,4,27021
2019-05-22,9,9,1,3,3,4,6,7,11,89,1005,17,32.8,0.0,9.5,7,96,2,27021
2019-05-23,14,14,8,9,9,5,11,11,7,332,1015,9,3.9,0.0,9.5,8,85,3,27021
2019-05-24,12,12,4,5,5,4,8,9,9,136,1013,15,8.3,0.0,9.5,9,96,2,27021
2019-05-25,15,15,8,10,10,5,12,12,9,289,1010,13,3.0,0.0,9.5,8,81,3,27021
2019-05-26,25,25,6,16,16,3,17,19,3,255,1018,6,1.2,0.0,13.5,9,73,5,27021
2019-05-27,13,13,7,7,7,5,9,10,9,77,1016,12,3.4,0.0,12.7,7,84,2,27021
2019-05-28,24,24,3,14,14,4,14,17,3,135,1012,4,0.0,0.0,15.7,4,60,5,27021
2019-05-29,25,25,9,17,17,6,18,20,5,296,1008,7,0.0,0.0,15.7,7,56,5,27021
2019-05-30,27,27,12,19,20,6,20,22,5,260,1006,8,0.2,0.0,15.8,11,58,5,27021
2019-05-31,28,28,17,22,23,6,23,24,8,310,1007,13,0.7,0.0,15.8,11,53,6,27021
2019-06-01,19,19,7,14,14,6,14,16,8,334,1013,10,0.0,0.0,15.8,3,55,5,27021
2019-06-02,20,20,6,13,13,6,14,15,6,330,1017,8,0.0,0.0,15.8,-1,43,4,27021
2019-06-03,26,26,7,17,17,6,18,20,7,188,1013,11,0.0,0.0,15.8,8,55,5,27021
2019-06-04,29,29,16,22,24,5,24,23,7,220,1005,11,6.3,0.0,13.7,17,78,5,27021
2019-06-05,25,25,16,19,19,4,20,19,5,3,1009,8,17.0,0.0,14.6,14,78,4,27021
2019-06-06,28,28,13,21,22,4,22,23,5,231,1010,8,1.1,0.0,15.6,14,73,5,27021
2019-06-07,30,30,16,24,24,4,24,26,9,191,1010,14,0.0,0.0,15.9,16,67,7,27021
2019-06-08,28,28,19,23,24,6,24,24,13,177,1011,18,1.2,0.0,15.9,16,66,6,27021
2019-06-09,19,19,11,14,14,7,15,14,10,319,1018,15,28.0,0.0,13.7,10,76,3,27021
2019-06-10,19,19,8,14,14,6,15,17,7,300,1021,11,0.0,0.0,15.9,6,61,4,27021
2019-06-11,23,23,8,16,16,8,17,18,5,214,1017,8,0.5,0.0,15.9,8,65,4,27021
2019-06-12,18,18,5,11,11,11,12,14,8,234,1018,13,0.0,0.0,15.9,2,58,4,27021
2019-06-13,21,21,5,13,13,12,14,16,5,227,1016,8,0.0,0.0,15.9,3,54,5,27021
2019-06-14,21,21,10,15,15,9,16,17,6,269,1003,10,8.5,0.0,11.9,13,89,4,27021
2019-06-15,19,19,9,13,13,11,14,15,8,102,1009,12,0.1,0.0,15.6,6,64,4,27021
2019-06-16,16,16,8,11,11,12,13,12,7,142,1013,10,0.6,0.0,11.9,7,68,3,27021
2019-06-17,15,15,9,11,11,10,12,13,6,268,1014,9,0.4,0.0,12.9,10,87,3,27021
2019-06-18,20,20,11,13,13,11,13,14,4,236,1014,6,0.1,0.0,14.7,11,85,3,27021
2019-06-19,22,22,10,16,16,5,17,18,4,126,1011,7,0.1,0.0,15.9,9,68,4,27021
2019-06-20,21,21,12,16,16,6,16,18,8,124,1009,12,0.0,0.0,15.9,6,54,5,27021
2019-06-21,21,21,13,16,16,5,17,18,11,125,1013,17,0.6,0.0,12.9,11,69,4,27021
2019-06-22,22,22,12,16,16,6,17,18,10,156,1015,15,0.0,0.0,15.6,9,62,5,27021
2019-06-23,25,25,13,19,19,4,20,21,4,233,1009,5,0.5,0.0,15.6,12,72,6,27021
2019-06-24,18,18,13,15,15,4,15,16,4,295,1002,7,13.2,0.0,12.9,14,96,4,27021
2019-06-25,22,22,13,17,17,3,18,19,8,279,1005,14,5.2,0.0,14.7,13,79,4,27021
2019-06-26,26,26,12,19,19,5,20,22,7,257,1013,11,0.1,0.0,15.9,12,69,6,27021
2019-06-27,24,24,15,20,20,4,21,21,4,155,1016,8,15.1,0.0,11.9,17,88,5,27021
2019-06-28,29,29,14,22,22,3,22,24,4,92,1019,7,0.1,0.0,15.9,14,71,6,27021
2019-06-29,29,29,16,22,23,6,23,25,6,155,1018,10,0.0,0.0,15.9,14,65,6,27021
2019-06-30,29,29,19,22,23,4,23,24,9,248,1013,18,53.0,0.0,13.8,19,84,5,27021
2019-07-01,26,26,17,21,22,6,22,23,4,227,1014,6,0.0,0.0,15.9,14,66,6,27021
2019-07-02,28,28,13,21,22,5,22,23,5,242,1011,7,0.0,0.0,15.9,15,72,6,27021
2019-07-03,28,28,16,22,23,4,23,24,4,180,1011,7,2.4,0.0,15.9,17,77,6,27021
2019-07-04,27,27,17,21,22,5,22,22,4,318,1012,7,8.4,0.0,13.7,18,83,5,27021
2019-07-05,24,24,14,20,20,6,21,21,5,347,1018,9,0.1,0.0,15.9,13,70,6,27021
2019-07-06,25,25,12,19,19,6,20,21,4,231,1022,7,0.1,0.0,15.8,10,62,6,27021
2019-07-07,25,25,12,19,19,6,20,21,5,194,1019,8,0.0,0.0,15.8,13,72,6,27021
2019-07-08,27,27,15,21,22,5,22,23,10,184,1014,15,1.2,0.0,15.8,17,78,6,27021
2019-07-09,20,20,13,18,18,3,19,19,7,159,1009,13,30.1,0.0,11.9,19,98,4,27021
2019-07-10,21,21,10,16,16,5,17,18,9,181,1009,14,5.6,0.0,11.8,15,87,4,27021
2019-07-11,26,26,13,20,20,4,21,22,6,216,1016,10,0.1,0.0,15.8,14,74,6,27021
2019-07-12,26,26,18,21,22,5,22,23,9,320,1011,14,0.5,0.0,15.5,16,77,5,27021
2019-07-13,27,27,14,20,21,4,21,23,3,275,1015,5,2.9,0.0,14.6,16,81,5,27021
2019-07-14,30,30,16,23,25,3,25,25,7,193,1014,11,0.3,0.0,15.7,19,81,6,27021
2019-07-15,31,31,18,24,26,5,26,25,7,220,1008,11,5.2,0.0,14.6,20,84,6,27021
2019-07-16,28,28,17,22,23,4,23,23,4,317,1010,7,0.8,0.0,15.7,16,75,6,27021
2019-07-17,24,24,17,20,20,4,21,21,6,171,1009,11,14.5,0.0,13.6,19,93,5,27021
2019-07-18,29,29,18,23,25,4,25,25,6,219,1003,10,3.2,0.0,15.5,18,79,5,27021
2019-07-19,25,25,17,20,20,5,21,22,5,185,1006,9,1.3,0.0,15.6,16,80,6,27021
2019-07-20,25,25,15,19,19,6,20,20,6,239,1012,10,0.0,0.0,15.6,12,66,6,27021
2019-07-21,23,23,12,18,18,5,19,19,6,221,1019,9,0.0,0.0,15.6,11,69,5,27021
2019-07-22,23,23,11,17,17,6,18,19,7,331,1023,11,0.0,0.0,15.6,10,66,5,27021
2019-07-23,26,26,13,19,19,4,20,22,5,330,1022,9,0.0,0.0,15.6,13,70,6,27021
2019-07-24,27,27,15,21,22,6,22,23,5,210,1019,8,0.0,0.0,15.5,14,70,6,27021
2019-07-25,26,26,16,20,20,4,21,22,12,194,1013,18,9.5,0.0,12.5,17,82,5,27021
2019-07-26,28,28,18,22,23,5,23,23,10,236,1011,16,13.5,0.0,11.5,17,78,5,27021
2019-07-27,26,26,15,21,21,4,21,22,6,303,1014,10,0.0,0.0,14.5,15,78,6,27021
2019-07-28,23,23,14,18,18,3,18,20,4,184,1011,7,4.6,0.0,12.5,16,90,4,27021
2019-07-29,17,17,13,14,14,5,15,16,11,314,1012,16,0.1,0.0,9.4,12,80,4,27021
2019-07-30,23,23,10,16,16,4,17,18,3,321,1019,5,0.0,0.0,14.5,8,66,5,27021
2019-07-31,24,24,11,17,17,5,17,19,6,192,1020,9,0.0,0.0,14.5,12,74,5,27021
2019-08-01,26,26,14,20,20,4,21,22,7,217,1019,11,1.1,0.0,9.3,17,83,5,27021
2019-08-02,25,25,17,21,21,5,22,22,4,200,1018,7,11.7,0.0,9.3,18,89,5,27021
2019-08-03,29,29,16,21,22,6,22,23,3,219,1018,6,2.8,0.0,14.5,16,77,6,27021
2019-08-04,26,26,16,20,22,3,22,22,6,221,1015,10,18.1,0.0,10.1,19,89,5,27021
2019-08-05,27,27,18,21,22,4,22,22,4,258,1011,7,2.0,0.0,10.5,15,75,5,27021
2019-08-06,26,26,15,21,22,6,22,22,5,298,1009,8,0.1,0.0,11.6,14,69,5,27021
2019-08-07,22,22,14,18,18,5,19,19,9,324,1008,14,4.0,0.0,8.3,14,78,4,27021
2019-08-08,21,21,11,15,15,6,16,17,8,313,1012,12,0.0,0.0,11.6,9,68,5,27021
2019-08-09,24,24,11,17,17,6,18,19,4,295,1014,8,0.0,0.0,11.6,11,70,5,27021
2019-08-10,26,26,13,20,20,5,21,22,5,197,1013,7,0.1,0.0,10.5,14,76,6,27021
2019-08-11,23,23,13,18,18,4,18,19,5,238,1015,8,0.0,0.0,9.4,13,78,4,27021
2019-08-12,18,18,13,15,15,5,15,16,5,160,1014,8,2.9,0.0,7.1,11,79,4,27021
2019-08-13,20,20,13,16,16,4,16,17,6,75,1013,9,1.9,0.0,7.1,13,85,4,27021
2019-08-14,17,17,11,14,14,4,14,15,3,316,1018,6,0.3,0.0,7.1,11,82,4,27021
2019-08-15,23,23,11,17,17,4,18,19,5,213,1014,8,2.0,0.0,10.5,12,79,5,27021
2019-08-16,24,24,14,19,19,4,20,20,4,269,1007,7,3.1,0.0,10.5,14,80,6,27021
2019-08-17,26,26,14,20,20,5,21,22,8,193,1006,14,3.8,0.0,9.3,15,76,5,27021
2019-08-18,21,21,14,17,17,5,17,18,7,315,1008,11,12.7,0.0,11.6,11,73,5,27021
2019-08-19,27,27,11,18,18,5,20,21,9,232,1012,14,0.0,0.0,11.6,13,71,6,27021
2019-08-20,21,21,18,19,19,4,20,20,8,294,1013,13,2.3,0.0,8.1,17,89,4,27021
2019-08-21,20,20,10,15,15,6,15,17,7,316,1017,11,0.0,0.0,11.6,8,67,5,27021
2019-08-22,21,21,9,15,15,6,16,17,3,29,1019,5,0.0,0.0,11.6,9,69,5,27021
2019-08-23,22,22,8,15,15,6,16,17,7,147,1022,11,0.0,0.0,11.6,10,74,5,27021
2019-08-24,23,23,12,17,17,5,19,20,10,170,1020,15,0.0,0.0,10.4,13,78,5,27021
2019-08-25,21,21,13,15,15,5,16,17,10,164,1013,16,6.4,0.0,6.9,14,88,4,27021
2019-08-26,18,18,15,16,16,4,16,17,8,186,1005,13,29.1,0.0,6.9,16,98,4,27021
2019-08-27,16,16,11,11,11,5,13,14,11,287,1004,17,6.1,0.0,6.9,11,90,3,27021
2019-08-28,20,20,11,13,13,6,14,16,13,297,1009,17,0.2,0.0,11.6,7,66,5,27021
2019-08-29,19,19,11,14,14,6,15,16,11,310,1009,17,0.1,0.0,11.6,8,65,4,27021
2019-08-30,19,19,8,13,13,6,13,15,5,321,1020,8,0.0,0.0,11.6,7,67,5,27021
2019-08-31,21,21,10,14,14,6,15,17,5,194,1023,9,0.4,0.0,7.9,9,69,4,27021
2019-09-01,21,21,11,15,15,3,16,17,7,250,1017,11,4.9,0.0,6.6,13,89,4,27021
2019-09-02,20,20,9,14,14,4,14,15,6,93,1017,9,5.4,0.0,9.1,11,86,3,27021
2019-09-03,18,18,11,12,12,3,13,14,12,299,1009,17,23.6,0.0,6.6,11,86,3,27021
2019-09-04,20,20,7,13,13,4,13,15,5,255,1019,8,0.0,0.0,11.6,8,75,4,27021
2019-09-05,21,21,11,15,15,6,16,17,9,130,1013,14,0.3,0.0,6.5,13,82,4,27021
2019-09-06,22,22,11,15,15,5,16,17,8,313,1018,12,0.2,0.0,6.5,12,78,4,27021
2019-09-07,15,15,8,10,10,5,11,12,5,114,1020,9,0.0,0.0,11.6,7,77,4,27021
2019-09-08,17,17,6,11,11,5,12,13,6,112,1021,9,0.0,0.0,11.6,7,77,3,27021
2019-09-09,13,13,6,9,9,3,11,12,10,120,1016,15,25.9,0.0,6.5,11,93,3,27021
2019-09-10,19,19,15,17,17,5,17,17,6,274,1012,10,6.9,0.0,6.5,15,91,4,27021
2019-09-11,16,16,10,12,12,3,12,14,8,85,1021,11,0.0,0.0,6.4,10,86,3,27021
2019-09-12,14,14,6,9,9,5,11,12,13,107,1015,21,24.8,0.0,6.4,11,94,3,27021
2019-09-13,12,12,5,9,9,4,11,11,11,279,1010,16,3.6,0.0,6.4,10,90,3,27021
2019-09-14,21,21,6,13,13,4,14,15,7,173,1015,11,0.4,0.0,10.3,10,81,4,27021
2019-09-15,0,0,0,18,18,1,18,0,5,0,1014,11,0.0,0.0,11.6,18,97,2,27021
2019-09-16,27,27,0,21,21,4,22,7,11,176,1013,18,0.5,0.0,9.0,18,83,2,27021
2019-09-17,27,27,19,22,22,5,23,21,12,170,1009,22,35.6,0.0,6.3,20,88,5,27021
2019-09-18,26,26,17,22,23,6,23,23,13,213,1007,21,2.0,0.0,9.0,17,76,5,27021
2019-09-19,23,23,14,18,18,4,19,20,4,333,1015,8,0.0,0.0,11.6,15,81,5,27021
2019-09-20,25,25,14,19,19,4,20,21,10,150,1014,17,1.7,0.0,10.2,16,84,5,27021
2019-09-21,22,22,16,20,20,5,20,20,11,191,1005,19,15.0,0.0,6.1,18,93,5,27021
2019-09-22,18,18,10,13,13,6,14,15,7,308,1010,10,0.3,0.0,10.2,10,77,3,27021
2019-09-23,21,21,9,14,14,6,15,16,5,268,1012,9,0.0,0.0,11.6,8,71,5,27021
2019-09-24,20,20,13,15,15,6,16,17,6,200,1004,12,0.3,0.0,11.6,11,74,5,27021
2019-09-25,16,16,8,10,10,6,11,13,10,291,1004,16,2.5,0.0,10.2,7,77,3,27021
2019-09-26,16,16,5,9,9,5,11,12,9,242,1007,14,0.3,0.0,11.6,6,73,4,27021
2019-09-27,12,12,6,9,9,5,11,11,8,339,1005,13,0.3,0.0,8.8,5,67,3,27021
2019-09-28,14,14,3,8,8,6,8,10,4,236,1023,6,0.0,0.0,11.6,2,66,3,27021
2019-09-29,10,10,7,6,6,5,9,9,12,113,1022,18,1.2,0.0,5.9,5,77,2,27021
2019-09-30,24,24,10,17,17,5,18,19,11,156,1007,18,21.9,0.0,5.7,15,95,4,27021
2019-10-01,10,10,5,5,5,6,8,9,10,238,1018,14,0.0,0.0,8.7,5,79,2,27021
2019-10-02,9,9,3,4,4,5,6,7,7,71,1022,9,4.8,0.0,7.2,3,80,2,27021
2019-10-03,8,8,3,3,3,4,5,6,7,330,1022,10,21.0,0.0,5.7,3,88,2,27021
2019-10-04,11,11,1,4,4,4,5,7,6,152,1028,9,0.0,0.0,11.3,2,81,3,27021
2019-10-05,11,11,6,4,4,4,8,9,15,158,1008,22,30.2,0.0,5.6,7,92,2,27021
2019-10-06,11,11,6,5,5,6,8,9,12,268,1010,19,0.6,0.0,8.6,5,82,2,27021
2019-10-07,15,15,5,8,8,6,9,11,7,247,1017,13,0.2,0.0,11.2,5,74,4,27021
2019-10-08,18,18,8,11,11,6,12,14,13,189,1011,21,0.0,0.0,11.2,6,65,4,27021
2019-10-09,18,18,10,12,12,6,14,14,13,176,1008,20,0.2,0.0,8.6,9,74,3,27021
2019-10-10,13,13,7,10,10,5,12,12,8,137,1010,13,7.9,0.0,5.6,11,91,3,27021
2019-10-11,5,5,-1,0,0,3,3,3,10,206,1001,13,16.2,2.5,5.5,2,94,1,27021
2019-10-12,2,2,-1,-6,-6,1,0,0,13,246,998,17,10.6,8.6,5.5,-1,93,1,27021
2019-10-13,3,3,-4,-4,-4,4,0,1,10,296,1007,13,1.1,0.9,5.5,-1,87,1,27021
2019-10-14,8,8,0,0,0,5,3,4,6,232,1014,8,0.2,0.3,10.1,0,79,2,27021
2019-10-15,3,3,-4,0,0,4,2,3,7,348,1014,10,1.1,0.3,5.5,1,89,1,27021
2019-10-16,6,6,2,2,2,5,4,5,6,299,1018,8,0.8,0.0,5.5,2,87,2,27021
2019-10-17,10,10,0,2,2,5,5,6,7,150,1014,12,0.0,0.0,10.1,1,78,3,27021
2019-10-18,14,14,6,7,7,6,10,10,14,158,1002,20,0.0,0.0,10.9,5,70,4,27021
2019-10-19,14,14,7,8,8,6,10,11,7,245,1002,12,0.0,0.0,10.8,4,69,4,27021
2019-10-20,14,14,4,7,7,6,8,10,5,160,1008,9,0.1,0.0,10.0,2,64,4,27021
2019-10-21,8,8,0,3,3,4,6,7,14,145,999,20,44.4,0.0,5.4,5,86,2,27021
2019-10-22,0,0,-1,-1,-1,4,3,0,15,0,1004,21,0.2,0.5,5.4,1,84,2,27021
2019-10-23,3,3,1,-2,-2,4,2,2,12,317,1011,16,1.2,1.0,5.3,0,84,1,27021
2019-10-24,5,5,-1,-3,-3,6,1,2,7,304,1026,10,0.1,0.1,10.0,-4,70,1,27021
2019-10-25,10,10,-1,0,0,6,4,5,11,211,1019,17,0.0,0.0,10.6,-2,65,3,27021
2019-10-26,11,11,4,4,4,6,7,8,10,201,1007,16,0.0,0.0,10.6,1,68,3,27021
2019-10-27,2,2,-1,-3,-3,4,2,2,11,301,1013,15,1.0,0.2,5.3,-2,79,1,27021
2019-10-28,2,2,-4,-6,-6,6,-2,-1,8,243,1018,11,0.0,0.0,10.5,-11,51,2,27021
2019-10-29,0,0,-4,-7,-7,6,-2,-2,9,267,1023,12,0.0,0.0,10.0,-12,49,1,27021
2019-10-30,-1,-1,-5,-8,-8,6,-4,-3,7,263,1026,10,0.0,0.0,8.4,-11,56,1,27021
2019-10-31,2,2,-6,-6,-6,6,-3,-2,5,235,1019,8,0.0,0.0,10.5,-10,57,2,27021
2019-11-01,1,1,-2,-5,-5,5,0,0,9,294,1016,12,0.5,0.3,5.0,-5,75,1,27021
2019-11-02,1,1,-3,-6,-6,5,-2,-1,8,294,1019,12,0.2,0.1,9.9,-6,75,1,27021
2019-11-03,4,4,-3,-3,-3,5,0,1,5,169,1013,8,0.2,0.0,7.0,-4,77,1,27021
2019-11-04,1,1,-5,-6,-6,5,-1,0,11,314,1016,15,0.4,0.2,3.6,-5,76,1,27021
2019-11-05,-3,-3,-6,-10,-10,6,-5,-5,8,294,1025,10,0.1,0.1,8.7,-13,55,2,27021
2019-11-06,-4,-4,-8,-12,-12,6,-6,-5,11,322,1031,14,0.2,0.1,5.3,-14,51,1,27021
2019-11-07,-6,-6,-10,-12,-12,6,-8,-8,6,286,1035,8,0.1,0.1,8.7,-16,51,2,27021
2019-11-08,-3,-3,-9,-10,-10,6,-6,-5,9,174,1024,12,0.0,0.0,3.5,-14,51,1,27021
2019-11-09,1,1,-3,-5,-5,6,-1,0,8,306,1012,11,0.0,0.0,3.5,-4,79,1,27021
2019-11-10,-6,-6,-9,-13,-13,6,-6,-7,12,117,1026,15,0.3,0.2,3.5,-14,56,1,27021
2019-11-11,-11,-11,-14,-20,-20,5,-12,-12,12,317,1037,14,0.5,0.3,3.5,-18,60,1,27021
2019-11-12,-9,-9,-15,-19,-19,6,-12,-12,9,181,1029,12,0.0,0.0,7.0,-20,52,1,27021
2019-11-13,-4,-4,-10,-13,-13,3,-7,-6,8,265,1015,11,4.6,3.7,3.5,-10,83,1,27021
2019-11-14,-3,-3,-12,-12,-12,5,-7,-7,8,242,1022,11,0.3,0.2,7.0,-9,84,1,27021
2019-11-15,-1,-1,-8,-8,-8,5,-5,-4,5,83,1027,8,0.1,0.1,7.0,-9,74,1,27021
2019-11-16,5,5,-4,-4,-4,5,1,3,13,179,1017,20,0.6,0.0,7.0,-3,73,1,27021
2019-11-17,-1,-1,-8,-5,-5,6,-1,-1,8,310,1013,10,0.3,0.0,3.4,-4,81,1,27021
2019-11-18,3,3,-4,-4,-4,6,0,0,6,166,1007,8,0.0,0.0,8.7,-3,84,2,27021
2019-11-19,3,3,-3,-1,-1,4,1,2,5,284,1008,8,4.3,0.0,3.4,1,95,1,27021
2019-11-20,3,3,-1,-2,-2,4,1,1,5,120,1016,8,1.5,0.6,3.4,-1,89,1,27021
2019-11-21,-3,-3,-9,-11,-11,3,-5,-5,12,330,1018,16,5.9,5.2,5.2,-7,84,1,27021
2019-11-22,1,1,-9,-9,-9,6,-4,-4,8,227,1019,12,0.0,0.0,8.7,-12,57,2,27021
2019-11-23,3,3,-4,-5,-5,6,-1,-1,8,292,1006,12,0.0,0.0,8.7,-5,73,2,27021
2019-11-24,3,3,-1,-2,-2,6,1,1,6,255,1001,11,0.0,0.0,3.4,-1,85,1,27021
2019-11-25,1,1,0,-4,-4,4,1,1,12,268,997,18,1.0,0.5,3.4,-1,85,1,27021
2019-11-26,-1,-1,-3,-5,-5,5,-2,-2,6,125,1011,9,0.2,0.1,3.4,-4,84,1,27021
2019-11-27,-5,-5,-7,-12,-12,6,-6,-5,10,347,1027,14,0.0,0.0,3.4,-8,83,1,27021
2019-11-28,-4,-4,-9,-10,-10,4,-7,-6,4,97,1035,7,0.0,0.0,8.7,-9,86,1,27021
2019-11-29,-1,-1,-6,-7,-7,5,-3,-3,7,131,1028,10,0.8,0.4,3.3,-4,91,1,27021
2019-11-30,-1,-1,-3,-8,-8,1,-2,-1,14,88,1012,20,15.7,12.3,3.3,-3,92,1,27021
2019-12-01,-6,-6,-11,-13,-13,3,-6,-6,11,123,1014,16,11.8,11.1,5.1,-8,91,1,27021
2019-12-02,-6,-6,-14,-14,-14,5,-10,-9,7,192,1018,11,0.2,0.1,8.7,-11,84,1,27021
2019-12-03,-1,-1,-8,-9,-9,4,-4,-3,8,274,1005,14,0.0,0.0,8.7,-6,89,2,27021
2019-12-04,-1,-1,-8,-8,-8,6,-3,-2,8,308,1008,12,0.2,0.1,3.3,-4,92,1,27021
2019-12-05,-1,-1,-7,-8,-8,3,-4,-3,6,274,1015,9,0.8,0.6,3.3,-5,93,1,27021
2019-12-06,-8,-8,-16,-16,-16,5,-11,-11,6,229,1029,10,0.3,0.1,5.1,-12,91,1,27021
2019-12-07,-3,-3,-12,-12,-12,4,-7,-7,9,167,1016,13,0.1,0.1,3.3,-7,95,1,27021
2019-12-08,-2,-2,-16,-11,-11,4,-6,-5,9,238,1010,13,1.2,0.1,3.3,-6,92,1,27021
2019-12-09,-14,-14,-20,-22,-22,3,-14,-14,9,336,1014,13,14.5,12.5,3.3,-16,92,1,27021
2019-12-10,-18,-18,-23,-29,-29,6,-20,-19,9,287,1024,12,0.0,0.0,6.9,-22,83,1,27021
2019-12-11,-16,-16,-23,-27,-27,6,-20,-20,6,284,1031,9,0.0,0.0,8.7,-22,83,2,27021
2019-12-12,-10,-10,-16,-18,-18,2,-13,-12,5,69,1024,7,4.1,3.1,3.3,-14,91,1,27021
2019-12-13,-8,-8,-14,-15,-15,2,-11,-10,5,163,1015,8,1.3,0.6,3.3,-11,94,1,27021
2019-12-14,-16,-16,-21,-25,-25,5,-16,-16,10,327,1017,15,0.0,0.2,3.3,-17,91,1,27021
2019-12-15,0,0,-21,-21,-21,6,-18,0,8,0,1019,13,0.1,0.0,5.1,-16,95,2,27021
2019-12-16,-12,-12,-19,-20,-20,4,-15,-15,6,270,1022,10,0.2,0.1,8.7,-16,91,2,27021
2019-12-17,-12,-12,-21,-21,-21,4,-14,-14,8,327,1023,12,0.3,0.0,5.1,-16,89,1,27021
2019-12-18,-14,-14,-23,-25,-25,4,-19,-18,7,168,1024,10,0.0,0.0,3.3,-20,87,1,27021
2019-12-19,-6,-6,-15,-14,-14,3,-10,-9,4,69,1022,7,0.0,0.0,8.7,-11,93,1,27021
2019-12-20,-3,-3,-10,-11,-11,4,-6,-5,7,177,1023,10,0.3,0.1,3.3,-7,93,1,27021
2019-12-21,2,2,-10,-7,-7,6,-3,-1,8,223,1019,15,0.0,0.0,8.3,-5,85,2,27021
2019-12-22,3,3,-3,-4,-4,6,-1,1,7,219,1014,13,0.0,0.0,8.3,-3,83,2,27021
2019-12-23,-3,-3,-8,-8,-8,6,-4,-5,7,77,1019,11,0.0,0.0,2.1,-6,88,1,27021
2019-12-24,0,0,-3,-4,-4,3,-1,-1,5,121,1014,8,0.0,0.0,2.1,-2,94,1,27021
2019-12-25,1,1,-3,-4,-4,2,-1,-1,6,71,1012,9,0.0,0.0,2.1,-2,95,1,27021
2019-12-26,-1,-1,-11,-7,-7,4,-3,-3,6,279,1012,9,3.1,1.6,2.1,-4,93,1,27021
2019-12-27,-4,-4,-10,-12,-12,4,-7,-7,7,227,1021,11,0.0,0.0,5.8,-9,89,2,27021
2019-12-28,-1,-1,-9,-8,-8,2,-4,-3,6,111,1018,11,8.2,4.8,2.1,-5,95,1,27021
2019-12-29,1,1,-3,-4,-4,1,1,1,13,55,1002,20,31.2,26.9,2.1,1,98,1,27021
2019-12-30,-5,-5,-8,-12,-12,1,-5,-5,13,336,1003,19,9.5,8.1,2.1,-6,93,1,27021
2019-12-31,-8,-8,-15,-17,-17,5,-11,-12,8,309,1010,13,1.1,1.2,5.8,-12,91,2,27021
2020-01-01,-3,-3,-12,-12,-12,3,-7,-6,8,190,995,13,5.8,4.6,2.1,-8,92,1,27021
2020-01-02,-2,-2,-7,-8,-8,4,-4,-3,7,301,998,10,3.4,2.6,2.1,-5,94,1,27021
2020-01-03,-7,-7,-14,-14,-14,5,-11,-11,3,329,1013,7,0.1,0.1,2.1,-12,93,1,27021
2020-01-04,-6,-6,-12,-12,-12,4,-8,-8,6,215,1017,9,0.3,0.1,2.1,-9,94,1,27021
2020-01-05,-1,-1,-11,-10,-10,3,-4,-2,14,300,1010,20,1.4,0.3,2.1,-6,89,1,27021
2020-01-06,-2,-2,-10,-12,-12,4,-7,-6,8,227,1014,14,0.1,0.0,5.8,-8,90,1,27021
2020-01-07,-10,-10,-21,-22,-22,6,-14,-14,11,309,1020,16,0.0,0.0,2.1,-15,89,1,27021
2020-01-08,-17,-17,-27,-28,-28,3,-22,-22,7,133,1029,11,0.3,0.1,4.0,-22,92,1,27021
2020-01-09,-5,-5,-13,-16,-16,4,-10,-8,8,203,1012,12,3.7,3.1,2.1,-11,90,1,27021
2020-01-10,-18,-18,-25,-28,-28,5,-19,-19,8,311,1029,12,0.1,0.1,2.1,-21,90,1,27021
2020-01-11,-15,-15,-28,-28,-28,3,-22,-22,5,51,1031,10,0.0,0.0,5.8,-23,93,1,27021
2020-01-12,-10,-10,-17,-20,-20,4,-14,-13,7,133,1026,11,0.5,0.2,3.2,-15,94,1,27021
2020-01-13,-5,-5,-13,-15,-15,4,-9,-9,8,146,1021,13,1.0,0.6,3.2,-10,95,1,27021
2020-01-14,-9,-9,-18,-16,-16,3,-11,-10,7,294,1018,11,4.4,3.7,3.4,-11,95,1,27021
2020-01-15,-14,-14,-23,-23,-23,2,-17,-15,7,312,1029,10,7.3,6.2,3.4,-18,94,1,27021
2020-01-16,-20,-20,-29,-32,-32,4,-25,-25,6,211,1045,9,0.0,0.0,3.4,-26,93,1,27021
2020-01-17,-9,-9,-22,-23,-23,4,-15,-14,14,150,1030,21,5.2,0.0,3.4,-16,87,1,27021
2020-01-18,-7,-7,-19,-17,-17,2,-11,-11,11,306,1015,16,10.9,10.4,3.4,-12,93,1,27021
2020-01-19,-13,-13,-17,-23,-23,4,-15,-16,9,318,1033,13,0.1,0.0,4.7,-16,93,1,27021
2020-01-20,-10,-10,-19,-18,-18,2,-14,-15,5,246,1039,9,0.4,0.3,4.7,-16,96,1,27021
2020-01-21,-8,-8,-18,-20,-20,6,-13,-12,13,187,1023,19,0.0,0.0,9.5,-14,90,1,27021
2020-01-22,0,0,-6,-8,-8,2,-4,-4,6,207,1011,10,0.1,0.0,4.8,-4,95,1,27021
2020-01-23,-1,-1,-6,-7,-7,2,-3,-2,6,60,1019,9,2.1,1.8,4.8,-3,96,1,27021
2020-01-24,-3,-3,-8,-9,-9,3,-5,-6,5,128,1021,7,3.0,2.1,4.8,-6,96,1,27021
2020-01-25,-3,-3,-10,-9,-9,3,-6,-5,4,320,1017,6,0.4,0.1,4.8,-6,96,1,27021
2020-01-26,-2,-2,-7,-5,-5,6,-4,-5,2,151,1015,3,0.7,0.4,4.8,-5,95,1,27021
2020-01-27,-4,-4,-13,-10,-10,3,-7,-5,5,333,1020,8,0.6,0.4,4.8,-8,95,1,27021
2020-01-28,-7,-7,-17,-16,-16,2,-13,-12,3,209,1024,5,0.0,0.0,4.8,-14,95,1,27021
2020-01-29,-6,-6,-12,-13,-13,3,-9,-9,4,161,1025,6,0.1,0.0,4.8,-10,95,1,27021
2020-01-30,-6,-6,-14,-15,-15,2,-11,-10,5,159,1021,9,0.2,0.1,4.9,-11,96,1,27021
2020-01-31,-2,-2,-10,-10,-10,4,-6,-6,6,185,1017,9,0.5,0.3,4.9,-7,96,1,27021
2020-02-01,0,0,-8,-8,-8,4,-3,-4,8,218,1006,13,0.2,0.0,6.6,-4,93,1,27021
2020-02-02,3,3,-6,-4,-4,5,1,1,13,298,999,22,0.0,0.0,4.9,-1,90,1,27021
2020-02-03,-10,-10,-16,-17,-17,5,-11,-11,9,330,1017,14,0.1,0.0,4.9,-12,87,1,27021
2020-02-04,-12,-12,-20,-22,-22,3,-16,-16,5,315,1028,9,0.0,0.0,8.3,-18,93,1,27021
2020-02-05,-4,-4,-16,-17,-17,6,-11,-8,9,229,1017,15,0.0,0.0,9.9,-12,86,2,27021
2020-02-06,-5,-5,-14,-14,-14,4,-10,-10,5,174,1006,8,0.6,0.3,5.0,-11,93,1,27021
2020-02-07,-13,-13,-18,-21,-21,4,-15,-15,7,118,1014,10,1.5,1.3,5.0,-15,94,1,27021
2020-02-08,-9,-9,-21,-21,-21,4,-16,-15,5,203,1019,9,0.8,0.7,6.6,-17,92,1,27021
2020-02-09,-8,-8,-14,-15,-15,4,-12,-11,4,337,1022,6,0.3,0.3,10.0,-13,92,1,27021
2020-02-10,-4,-4,-14,-14,-14,4,-8,-6,9,223,1016,14,0.2,0.1,5.0,-9,92,1,27021
2020-02-11,-5,-5,-15,-16,-16,4,-10,-10,9,239,1017,14,0.0,0.0,10.0,-11,91,1,27021
2020-02-12,-6,-6,-26,-24,-24,4,-15,-14,12,351,1018,16,1.6,0.9,5.0,-16,88,1,27021
2020-02-13,-17,-17,-31,-34,-34,5,-25,-25,6,308,1033,10,0.0,0.0,10.0,-26,90,1,27021
2020-02-14,-12,-12,-27,-27,-27,6,-19,-18,12,176,1023,18,0.2,0.1,8.3,-20,84,1,27021
2020-02-15,-3,-3,-13,-13,-13,5,-7,-5,10,290,1012,15,0.7,0.3,8.3,-10,87,1,27021
2020-02-16,-10,-10,-20,-20,-20,4,-16,-15,5,114,1022,8,0.0,0.0,5.1,-17,87,1,27021
2020-02-17,-4,-4,-12,-13,-13,4,-8,-7,6,258,1017,9,1.2,0.3,5.1,-9,90,1,27021
2020-02-18,-14,-14,-21,-25,-25,5,-17,-16,10,314,1029,15,0.3,0.2,5.1,-18,89,1,27021
2020-02-19,-16,-16,-26,-29,-29,3,-22,-21,6,314,1042,11,0.0,0.0,6.8,-23,93,1,27021
2020-02-20,-10,-10,-25,-25,-25,5,-18,-17,8,223,1039,12,0.0,0.0,10.4,-19,89,2,27021
2020-02-21,-1,-1,-11,-12,-12,4,-6,-4,10,243,1021,16,0.0,0.0,10.4,-8,87,2,27021
2020-02-22,1,1,-10,-9,-9,4,-5,-3,7,218,1014,12,0.0,0.0,10.4,-6,91,2,27021
2020-02-23,1,1,-6,-8,-8,5,-3,-1,10,291,1011,17,0.0,0.0,5.2,-4,88,1,27021
2020-02-24,0,0,-8,-8,-8,4,-5,-4,5,234,1019,9,0.0,0.0,10.5,-6,90,2,27021
2020-02-25,-3,-3,-9,-11,-11,5,-6,-5,8,234,1028,12,0.1,0.0,5.3,-7,88,1,27021
2020-02-26,-10,-10,-16,-19,-19,6,-13,-13,7,337,1030,10,0.0,0.0,5.3,-15,86,1,27021
2020-02-27,-8,-8,-16,-16,-16,4,-12,-12,4,230,1024,6,0.0,0.0,5.3,-14,83,1,27021
2020-02-28,-6,-6,-16,-15,-15,4,-11,-11,4,334,1024,6,0.0,0.0,11.0,-14,82,2,27021
2020-02-29,0,0,-11,-11,-11,5,-5,-5,9,188,1014,14,0.0,0.0,5.7,-6,93,1,27021
2020-03-01,4,4,-3,-5,-5,4,0,1,10,258,1004,14,0.1,0.0,7.2,-3,85,1,27021
2020-03-02,-1,-1,-10,-10,-10,5,-5,-5,10,225,1007,13,0.1,0.1,8.7,-8,80,1,27021
2020-03-03,0,0,-8,-8,-8,5,-3,-1,11,298,1001,15,0.6,0.3,5.8,-5,82,1,27021
2020-03-04,0,0,-11,-9,-9,5,-5,-4,7,201,1012,11,0.2,0.1,8.7,-7,84,1,27021
2020-03-05,0,0,-4,-6,-6,3,-1,0,11,227,1014,16,0.4,0.1,5.8,-3,89,1,27021
2020-03-06,0,0,-9,-9,-9,4,-4,-4,8,167,1031,12,0.0,0.0,10.2,-7,83,1,27021
2020-03-07,5,5,-3,-4,-4,6,1,2,10,183,1017,15,0.0,0.0,11.6,-2,82,2,27021
2020-03-08,7,7,2,1,1,5,4,5,8,200,1008,14,0.1,0.0,8.7,2,90,2,27021
2020-03-09,-2,-2,-7,-10,-10,6,-5,-5,9,343,1020,12,0.0,0.0,10.2,-7,84,1,27021
2020-03-10,0,0,-10,-8,-8,5,-5,-4,4,229,1024,6,0.0,0.0,5.9,-9,77,1,27021
2020-03-11,1,1,-5,-5,-5,3,-2,-1,8,182,1012,13,0.0,0.0,5.9,-3,94,1,27021
2020-03-12,1,1,-5,-6,-6,5,-1,0,9,314,1007,14,0.3,0.0,5.9,-3,88,1,27021
2020-03-13,-6,-6,-10,-16,-16,6,-8,-8,13,308,1025,17,0.1,0.0,5.9,-11,82,1,27021
2020-03-14,-3,-3,-12,-12,-12,6,-8,-7,5,29,1040,7,0.0,0.0,10.2,-11,83,1,27021
2020-03-15,-1,-1,-10,-10,-10,3,-6,-5,6,148,1038,8,0.1,0.0,6.0,-7,88,1,27021
2020-03-16,0,0,-9,-8,-8,4,-3,-2,9,283,1023,12,4.2,2.8,6.0,-5,88,1,27021
2020-03-17,0,0,-9,-9,-9,6,-5,-4,6,277,1024,9,0.0,0.0,11.6,-8,81,2,27021
2020-03-18,2,2,-4,-4,-4,3,-1,0,5,119,1019,8,1.3,0.9,6.0,-2,95,1,27021
2020-03-19,1,1,-6,-5,-5,1,-1,0,9,237,1018,13,2.5,2.2,6.0,-2,93,1,27021
2020-03-20,-6,-6,-13,-17,-17,5,-10,-10,10,347,1035,14,0.4,0.3,10.2,-12,83,1,27021
2020-03-21,-2,-2,-13,-12,-12,6,-7,-6,7,151,1034,11,0.0,0.0,8.8,-10,81,1,27021
2020-03-22,1,1,-5,-6,-6,2,-1,-1,9,169,1022,14,2.6,2.1,6.1,-2,95,1,27021
2020-03-23,3,3,-4,-3,-3,4,-1,0,4,235,1020,6,0.3,0.3,11.6,-2,89,2,27021
2020-03-24,5,5,-4,-3,-3,6,1,2,9,163,1013,16,3.1,0.0,6.1,0,91,1,27021
2020-03-25,0,0,-1,-4,-4,5,0,0,8,342,1011,11,0.3,0.0,6.1,-1,89,1,27021
2020-03-26,4,4,-6,-3,-3,4,-1,0,3,182,1014,5,0.0,0.0,6.2,-3,88,1,27021
2020-03-27,7,7,-4,-1,-1,3,1,3,5,203,1012,7,0.0,0.0,10.2,0,91,1,27021
2020-03-28,6,6,-2,-1,-1,2,2,3,7,62,1011,12,0.3,0.0,6.2,1,94,1,27021
2020-03-29,6,6,1,-2,-2,4,3,4,13,233,1011,20,2.3,2.0,6.2,0,85,1,27021
2020-03-30,8,8,0,1,1,3,3,5,4,99,1024,7,0.0,0.0,9.0,1,87,1,27021
2020-03-31,5,5,-4,-4,-4,6,0,1,8,125,1022,12,0.0,0.0,10.3,-2,87,2,27021
2020-04-01,7,7,-3,-3,-3,4,2,2,11,122,1016,15,0.7,0.0,9.0,0,88,2,27021
2020-04-02,5,5,2,1,1,4,4,4,8,136,1015,13,21.8,0.0,6.5,3,96,1,27021
2020-04-03,-4,-4,-10,-11,-11,3,-5,-6,11,308,1021,14,23.4,10.5,6.5,-7,89,1,27021
2020-04-04,5,5,-12,-7,-7,6,-4,-3,3,247,1025,5,0.0,0.0,11.6,-10,67,2,27021
2020-04-05,10,10,-3,0,0,6,3,5,7,195,1018,11,0.0,0.0,10.3,-3,67,1,27021
2020-04-06,10,10,2,2,2,4,5,5,8,120,1012,13,2.4,0.0,6.5,2,83,2,27021
2020-04-07,12,12,6,7,7,6,9,10,8,313,1005,12,5.2,0.0,10.3,3,73,3,27021
2020-04-08,7,7,0,1,1,6,4,5,11,306,1009,15,1.0,0.0,10.3,-2,66,2,27021
2020-04-09,4,4,-3,-6,-6,4,0,0,14,326,1014,18,1.5,0.9,6.6,-7,61,1,27021
2020-04-10,7,7,-4,-2,-2,6,1,2,6,251,1015,9,0.0,0.0,8.0,-8,54,1,27021
2020-04-11,6,6,-1,-2,-2,6,2,3,8,331,1010,13,0.0,0.0,11.6,-6,60,2,27021
2020-04-12,1,1,-3,-6,-6,6,-1,-1,11,347,1016,14,0.0,0.0,8.0,-10,52,1,27021
2020-04-13,-1,-1,-7,-10,-10,5,-4,-3,10,319,1016,13,0.4,0.3,8.0,-14,47,1,27021
2020-04-14,-2,-2,-9,-11,-11,6,-6,-6,8,314,1019,10,0.1,0.0,6.9,-14,53,1,27021
2020-04-15,1,1,-10,-9,-9,6,-5,-4,7,315,1020,10,0.3,0.2,6.9,-13,54,1,27021
2020-04-16,4,4,-6,-5,-5,6,-1,0,7,308,1022,10,0.0,0.0,10.4,-12,46,1,27021
2020-04-17,7,7,-4,-1,-1,6,2,3,7,259,1015,11,0.0,0.0,11.6,-7,53,2,27021
2020-04-18,8,8,2,1,1,5,5,6,12,294,1003,18,0.8,0.0,8.1,0,70,2,27021
2020-04-19,7,7,-4,-3,-3,5,1,1,9,300,1012,13,0.3,0.3,11.6,-8,56,2,27021
2020-04-20,6,6,-2,-1,-1,5,4,4,12,302,1003,18,1.0,0.0,7.0,-4,57,1,27021
2020-04-21,5,5,-5,-3,-3,5,0,1,5,337,1015,8,0.4,0.0,8.1,-11,49,1,27021
2020-04-22,10,10,-1,1,1,5,4,5,8,139,1009,12,0.5,0.3,7.0,-1,72,2,27021
2020-04-23,13,13,-1,5,5,5,7,8,6,155,1007,9,0.0,0.0,9.3,2,74,2,27021
2020-04-24,15,15,1,8,8,6,8,11,4,346,1012,7,0.8,0.0,10.5,2,65,3,27021
2020-04-25,15,15,4,8,8,4,9,11,5,103,1017,8,5.5,0.0,9.3,4,76,3,27021
2020-04-26,15,15,2,7,7,5,8,10,8,145,1018,12,5.1,0.0,9.3,3,71,2,27021
2020-04-27,17,17,7,11,11,5,11,13,7,295,1010,11,19.3,0.0,11.6,4,66,4,27021
2020-04-28,9,9,1,5,5,5,7,8,5,27,1009,8,11.9,0.0,7.1,5,84,2,27021
2020-04-29,14,14,4,7,7,4,9,10,8,125,1016,12,0.0,0.0,11.6,2,68,4,27021
2020-04-30,18,18,3,10,10,6,11,13,3,191,1014,5,0.0,0.0,11.6,1,56,4,27021
2020-05-01,15,15,4,9,9,5,11,12,9,158,1007,14,9.2,0.0,9.4,5,71,3,27021
2020-05-02,16,16,8,10,10,6,12,13,11,296,1009,18,0.0,0.0,14.5,5,68,4,27021
2020-05-03,9,9,1,2,2,6,5,5,10,339,1018,13,0.0,0.0,14.5,-2,65,2,27021
2020-05-04,12,12,-1,3,3,6,5,7,7,124,1021,11,0.0,0.0,13.4,-1,65,2,27021
2020-05-05,11,11,1,5,5,6,6,7,5,238,1019,7,0.3,0.0,9.2,-1,59,2,27021
2020-05-06,14,14,4,7,7,6,9,10,10,322,1021,15,0.0,0.0,14.5,0,59,4,27021
2020-05-07,9,9,0,1,1,6,4,5,9,347,1020,14,0.0,0.0,14.5,-8,43,3,27021
2020-05-08,7,7,-4,-2,-2,6,2,2,8,341,1025,11,0.0,0.0,14.5,-12,40,2,27021
2020-05-09,8,8,-1,1,1,5,3,5,5,208,1020,8,0.7,0.2,11.4,-5,53,1,27021
2020-05-10,7,7,-1,-1,-1,6,3,3,11,344,1024,15,0.1,0.0,12.4,-5,57,1,27021
2020-05-11,8,8,-3,0,0,6,3,4,8,330,1025,12,0.0,0.0,14.5,-10,44,2,27021
2020-05-12,12,12,-3,3,3,6,5,6,4,319,1024,7,0.0,0.0,14.5,-8,46,3,27021
2020-05-13,8,8,0,2,2,5,5,6,10,155,1016,16,3.1,0.0,9.4,2,79,2,27021
2020-05-14,17,17,7,11,11,3,12,13,5,266,1006,8,5.8,0.0,9.4,10,87,3,27021
2020-05-15,18,18,4,10,10,4,12,13,4,346,1015,7,0.0,0.0,13.5,5,69,4,27021
2020-05-16,16,16,8,12,12,5,12,14,3,108,1013,5,4.4,0.0,9.4,8,80,3,27021
2020-05-17,21,21,8,15,15,5,15,17,5,210,1016,8,0.0,0.0,14.5,8,68,5,27021
2020-05-18,20,20,5,12,12,6,13,16,9,92,1021,14,0.0,0.0,14.5,4,57,5,27021
2020-05-19,20,20,7,13,13,6,14,16,10,130,1020,14,0.0,0.0,14.5,6,60,5,27021
2020-05-20,19,19,10,15,15,4,16,16,9,151,1019,14,0.0,0.0,10.5,12,81,4,27021
2020-05-21,20,20,13,16,16,6,16,17,10,161,1015,15,0.2,0.0,9.5,13,82,4,27021
2020-05-22,21,21,11,15,15,4,16,18,8,168,1014,12,0.0,0.0,12.5,11,77,4,27021
2020-05-23,16,16,6,12,12,5,13,14,5,112,1012,9,6.7,0.0,12.5,12,91,3,27021
2020-05-24,24,24,12,18,18,4,19,19,6,157,1010,9,4.7,0.0,9.5,14,82,4,27021
2020-05-25,22,22,12,17,17,4,17,18,4,330,1011,7,2.5,0.0,12.5,13,81,5,27021
2020-05-26,17,17,14,15,15,2,15,16,5,253,1010,8,8.9,0.0,9.6,15,97,4,27021
2020-05-27,26,26,12,18,18,4,19,21,6,251,1011,9,0.8,0.0,15.7,12,71,6,27021
2020-05-28,19,19,12,14,14,6,15,16,10,300,1014,15,0.2,0.0,15.5,7,59,5,27021
2020-05-29,15,15,8,8,8,6,11,12,11,337,1020,15,0.1,0.0,15.5,5,70,3,27021
2020-05-30,16,16,5,9,9,6,11,11,6,344,1026,9,0.0,0.0,15.8,1,59,4,27021
2020-05-31,20,20,4,13,13,6,13,15,6,199,1023,8,0.0,0.0,15.8,4,56,4,27021
2020-06-01,24,24,14,18,18,5,19,19,8,202,1009,13,8.4,0.0,11.8,17,88,4,27021
2020-06-02,26,26,15,20,20,5,21,21,6,337,1009,11,4.2,0.0,15.8,13,66,6,27021
2020-06-03,23,23,14,18,18,6,19,19,6,334,1010,9,0.0,0.0,15.8,10,62,5,27021
2020-06-04,24,24,12,18,18,5,19,20,6,315,1007,10,0.5,0.0,15.6,9,59,6,27021
2020-06-05,21,21,12,17,17,5,17,18,9,308,1013,13,1.0,0.0,15.8,9,68,5,27021
2020-06-06,22,22,8,15,15,5,15,17,7,104,1019,10,0.0,0.0,15.9,8,66,5,27021
2020-06-07,20,20,10,12,12,5,15,15,14,147,1010,23,10.0,0.0,11.9,14,92,4,27021
2020-06-08,28,28,22,25,27,6,27,25,15,189,1003,23,6.6,0.0,11.9,21,81,6,27021
2020-06-09,23,23,15,20,20,5,21,21,9,225,1002,15,12.8,0.0,11.9,18,91,5,27021
2020-06-10,18,18,11,13,13,5,14,15,14,311,1005,21,15.9,0.0,12.8,9,76,3,27021
2020-06-11,20,20,9,13,13,5,14,16,8,299,1014,13,7.4,0.0,15.6,10,81,4,27021
2020-06-12,19,19,7,13,13,4,14,14,6,141,1026,9,2.3,0.0,15.9,7,70,4,27021
2020-06-13,20,20,6,12,12,6,13,15,10,124,1026,14,0.0,0.0,15.9,3,52,4,27021
2020-06-14,21,21,9,14,14,6,15,16,15,144,1021,20,0.0,0.0,15.9,8,63,5,27021
2020-06-15,24,24,16,19,19,5,20,20,14,168,1017,20,11.2,0.0,13.8,16,81,5,27021
2020-06-16,29,29,20,24,25,5,25,24,14,179,1015,22,21.5,0.0,14.7,19,79,5,27021
2020-06-17,29,29,18,24,25,6,25,24,15,179,1011,22,0.0,0.0,15.9,18,69,6,27021
2020-06-18,21,21,16,19,19,4,20,20,9,181,1010,15,52.9,0.0,11.9,19,95,5,27021
2020-06-19,21,21,11,16,16,4,17,17,6,297,1016,9,0.3,0.0,15.9,10,74,5,27021
2020-06-20,22,22,10,16,16,6,17,18,5,173,1013,8,0.0,0.0,15.9,9,68,5,27021
2020-06-21,22,22,12,15,15,5,16,18,5,244,1008,9,3.7,0.0,13.8,13,84,4,27021
2020-06-22,19,19,9,14,14,4,14,16,6,324,1011,9,0.7,0.0,13.8,10,77,4,27021
2020-06-23,20,20,10,15,15,5,15,17,8,339,1013,12,3.2,0.0,15.6,11,77,4,27021
2020-06-24,23,23,11,17,17,4,18,18,6,341,1011,9,0.1,0.0,15.9,11,71,4,27021
2020-06-25,24,24,12,18,18,6,18,19,5,191,1010,8,2.1,0.0,15.6,14,80,5,27021
2020-06-26,25,25,17,20,20,5,21,22,9,309,1008,13,4.6,0.0,15.9,16,78,6,27021
2020-06-27,27,27,13,21,21,6,21,23,4,205,1009,7,0.0,0.0,15.9,14,71,6,27021
2020-06-28,28,28,15,22,23,5,23,24,10,151,1005,15,0.8,0.0,15.9,17,76,6,27021
2020-06-29,27,27,17,22,23,5,23,22,7,155,1005,11,2.6,0.0,11.9,20,91,5,27021
2020-06-30,28,28,19,23,25,5,25,24,8,143,1007,13,19.6,0.0,12.8,21,90,5,27021
2020-07-01,26,26,21,23,25,4,25,24,8,198,1011,14,7.3,0.0,12.8,21,91,5,27021
2020-07-02,32,32,18,25,26,4,26,27,3,162,1017,5,0.0,0.0,15.9,18,72,7,27021
2020-07-03,32,32,19,26,26,5,26,28,4,161,1018,6,0.0,0.0,15.9,18,70,7,27021
2020-07-04,31,31,19,25,26,5,26,27,4,168,1016,6,0.8,0.0,13.7,18,74,6,27021
2020-07-05,29,29,18,23,25,4,25,24,6,207,1012,10,7.1,0.0,11.9,20,85,5,27021
2020-07-06,28,28,17,21,22,4,22,22,5,252,1012,9,12.0,0.0,11.9,18,85,5,27021
2020-07-07,28,28,15,22,23,5,23,24,3,335,1013,5,0.1,0.0,15.8,15,72,6,27021
2020-07-08,28,28,17,22,24,4,24,23,9,180,1007,16,8.8,0.0,11.9,20,88,5,27021
2020-07-09,27,27,17,21,22,5,22,23,7,261,1008,11,11.0,0.0,15.8,15,74,6,27021
2020-07-10,25,25,14,20,20,4,20,21,7,315,1013,11,0.0,0.0,15.8,14,75,6,27021
2020-07-11,25,25,15,20,20,4,21,21,4,335,1012,6,1.5,0.0,15.8,15,76,5,27021
2020-07-12,26,26,13,20,20,6,21,22,3,282,1014,6,0.0,0.0,15.7,13,68,6,27021
2020-07-13,26,26,15,20,21,4,21,22,10,159,1009,16,10.9,0.0,15.5,16,82,5,27021
2020-07-14,22,22,14,18,18,4,19,18,7,280,1011,11,10.9,0.0,14.6,13,78,4,27021
2020-07-15,26,26,13,19,19,5,20,22,10,241,1014,15,0.4,0.0,15.7,12,69,6,27021
2020-07-16,26,26,16,20,22,6,22,22,9,228,1012,15,0.2,0.0,15.5,14,70,5,27021
2020-07-17,29,29,15,22,23,5,23,24,6,186,1012,10,0.2,0.0,15.7,16,72,6,27021
2020-07-18,28,28,18,21,22,5,22,23,7,317,1005,13,41.1,0.0,14.6,18,86,5,27021
2020-07-19,23,23,15,18,18,6,19,20,11,299,1009,16,2.2,0.0,15.6,14,77,6,27021
2020-07-20,25,25,12,18,18,4,19,20,3,306,1016,5,0.1,0.0,15.6,12,73,6,27021
2020-07-21,15,15,7,12,12,5,13,14,8,75,1015,11,47.7,0.0,11.7,13,91,3,27021
2020-07-22,22,22,10,15,15,4,16,17,7,32,1017,9,0.0,0.0,15.6,11,77,5,27021
2020-07-23,24,24,11,18,18,4,18,20,7,151,1018,11,0.0,0.0,15.5,12,73,5,27021
2020-07-24,28,28,18,22,24,6,24,25,12,191,1013,18,0.2,0.0,10.5,21,86,5,27021
2020-07-25,27,27,21,23,26,5,26,24,8,217,1009,14,10.1,0.0,9.4,22,92,5,27021
2020-07-26,25,25,19,22,23,4,23,23,7,325,1013,11,0.0,0.0,13.5,15,73,6,27021
2020-07-27,24,24,14,19,19,6,19,20,9,308,1013,13,0.0,0.0,14.5,13,70,6,27021
2020-07-28,23,23,13,18,18,6,19,20,8,322,1011,12,0.0,0.0,14.5,12,70,6,27021
2020-07-29,24,24,14,19,19,4,20,21,4,344,1014,7,0.0,0.0,14.5,14,76,6,27021
2020-07-30,25,25,13,20,20,5,20,21,3,127,1017,5,0.0,0.0,14.5,14,72,6,27021
2020-07-31,27,27,14,21,22,6,22,23,3,216,1016,5,0.0,0.0,14.5,15,71,6,27021
2020-08-01,24,24,17,19,19,5,20,19,9,343,1013,14,9.4,0.0,10.4,16,84,4,27021
2020-08-02,22,22,11,16,16,5,17,18,7,9,1019,11,0.1,0.0,14.5,10,70,5,27021
2020-08-03,21,21,10,16,16,6,17,18,3,255,1021,5,0.1,0.0,14.5,9,64,5,27021
2020-08-04,23,23,10,16,16,6,17,18,4,336,1019,7,0.1,0.0,11.6,10,70,5,27021
2020-08-05,23,23,13,17,17,5,18,20,5,188,1015,8,3.2,0.0,9.4,14,79,4,27021
2020-08-06,22,22,13,17,17,3,18,19,6,167,1016,10,0.7,0.0,8.3,15,86,4,27021
2020-08-07,24,24,17,20,20,3,21,20,11,170,1012,17,11.0,0.0,7.2,19,92,5,27021
2020-08-08,26,26,19,22,24,4,24,23,5,300,1011,9,13.9,0.0,8.3,20,90,5,27021
2020-08-09,31,31,16,23,24,5,24,24,7,182,1010,12,15.5,0.0,7.1,19,86,5,27021
2020-08-10,24,24,12,18,18,5,19,20,8,277,1012,13,3.6,0.0,11.6,9,61,5,27021
2020-08-11,28,28,14,20,21,6,21,22,6,277,1012,11,0.0,0.0,11.6,11,58,6,27021
2020-08-12,27,27,15,21,22,3,22,23,8,166,1015,13,2.0,0.0,11.6,15,77,6,27021
2020-08-13,25,25,16,20,21,5,21,22,11,158,1012,17,4.5,0.0,7.1,20,90,5,27021
2020-08-14,24,24,18,21,24,4,24,22,13,167,1009,24,49.9,0.0,7.1,19,94,5,27021
2020-08-15,24,24,11,16,16,6,17,19,8,244,1014,12,2.8,0.0,10.5,12,75,5,27021
2020-08-16,23,23,12,17,17,6,18,19,7,316,1016,11,1.6,0.0,11.6,12,73,5,27021
2020-08-17,21,21,11,16,16,6,17,17,7,334,1020,11,0.0,0.0,11.6,10,70,5,27021
2020-08-18,26,26,11,18,18,5,19,20,5,217,1018,7,0.0,0.0,11.6,13,75,6,27021
2020-08-19,29,29,15,21,22,5,22,23,9,226,1012,14,0.2,0.0,10.5,15,73,5,27021
2020-08-20,29,29,16,22,23,5,23,24,5,171,1008,8,0.0,0.0,11.6,17,76,5,27021
2020-08-21,29,29,17,23,24,3,24,24,5,190,1008,8,0.0,0.0,10.4,18,81,5,27021
2020-08-22,29,29,18,23,24,4,24,24,3,220,1008,5,0.8,0.0,9.3,18,80,5,27021
2020-08-23,30,30,16,23,24,4,24,24,3,305,1011,6,0.0,0.0,11.6,17,73,6,27021
2020-08-24,28,28,17,22,22,5,22,22,5,62,1014,9,4.5,0.0,9.3,15,71,5,27021
2020-08-25,27,27,14,21,21,6,21,22,8,127,1013,13,0.0,0.0,11.6,13,63,6,27021
2020-08-26,29,29,20,24,26,4,26,25,6,326,1006,11,3.0,0.0,9.2,19,81,6,27021
2020-08-27,26,26,13,19,19,5,20,21,5,136,1011,9,0.0,0.0,11.6,13,71,6,27021
2020-08-28,22,22,15,18,18,6,19,19,7,255,1008,12,2.5,0.0,8.0,14,76,4,27021
2020-08-29,21,21,11,16,16,6,17,17,7,327,1012,11,0.0,0.0,11.6,10,68,5,27021
2020-08-30,24,24,10,17,17,6,17,19,10,168,1007,15,0.0,0.0,11.6,11,69,5,27021
2020-08-31,19,19,11,14,14,4,15,15,9,282,1006,14,17.4,0.0,10.4,9,70,4,27021
2020-09-01,22,22,10,15,15,6,16,18,12,223,1006,18,0.5,0.0,11.6,5,52,5,27021
2020-09-02,23,23,13,17,17,6,18,19,10,270,1003,16,0.5,0.0,11.6,8,52,5,27021
2020-09-03,17,17,12,12,12,6,14,14,16,302,1005,23,3.3,0.0,9.1,6,64,3,27021
2020-09-04,20,20,10,14,14,6,14,16,9,297,1015,14,0.1,0.0,11.6,6,59,5,27021
2020-09-05,22,22,9,15,15,6,16,17,4,305,1019,7,0.0,0.0,11.6,8,64,5,27021
2020-09-06,22,22,13,16,16,6,17,18,13,261,1007,20,0.6,0.0,9.1,10,68,4,27021
2020-09-07,12,12,7,7,7,6,10,10,11,324,1016,16,0.6,0.0,6.5,3,64,3,27021
2020-09-08,10,10,4,5,5,6,7,7,7,343,1028,10,0.3,0.0,7.8,1,69,2,27021
2020-09-09,15,15,1,7,7,5,8,10,3,252,1031,6,0.1,0.0,11.6,1,68,3,27021
2020-09-10,18,18,2,8,8,5,10,12,7,233,1029,11,0.0,0.0,11.6,1,64,4,27021
2020-09-11,17,17,4,9,9,6,11,12,7,167,1025,10,0.0,0.0,10.3,3,60,4,27021
2020-09-12,15,15,6,11,11,2,12,13,4,237,1012,6,12.0,0.0,6.4,12,95,3,27021
2020-09-13,16,16,9,11,11,4,12,13,6,342,1019,10,0.0,0.0,11.6,7,76,4,27021
2020-09-14,21,21,5,12,12,4,12,14,7,144,1024,11,0.0,0.0,11.6,8,77,4,27021
2020-09-15,25,25,16,20,21,6,21,22,8,283,1011,14,0.0,0.0,11.6,10,56,6,27021
2020-09-16,15,15,7,11,11,6,12,13,9,332,1020,13,0.0,0.0,11.6,5,64,3,27021
2020-09-17,14,14,2,7,7,6,8,10,4,253,1026,7,0.0,0.0,11.6,-2,53,3,27021
2020-09-18,16,16,3,8,8,6,9,11,5,189,1028,9,0.0,0.0,11.6,0,55,4,27021
2020-09-19,22,22,7,12,12,6,14,15,9,191,1020,15,0.0,0.0,11.6,7,65,5,27021
2020-09-20,24,24,12,16,16,6,18,18,14,179,1015,21,0.0,0.0,8.8,10,65,4,27021
2020-09-21,26,26,15,20,20,6,21,21,11,227,1014,17,0.0,0.0,11.6,9,52,6,27021
2020-09-22,26,26,11,19,19,6,20,21,3,202,1016,5,0.0,0.0,11.6,6,45,6,27021
2020-09-23,27,27,13,20,20,5,21,21,5,97,1012,9,2.9,0.0,10.2,12,69,6,27021
2020-09-24,18,18,12,14,14,5,14,15,6,114,1011,9,2.1,0.0,7.4,13,90,3,27021
2020-09-25,22,22,11,16,16,5,16,18,7,201,1005,10,0.0,0.0,8.8,12,77,4,27021
2020-09-26,23,23,12,16,16,5,16,18,5,124,1001,10,0.1,0.0,8.8,6,53,4,27021
2020-09-27,13,13,9,9,9,5,11,12,11,284,1002,18,6.0,0.0,6.0,8,79,3,27021
2020-09-28,11,11,7,6,6,4,9,9,12,329,1012,17,1.4,0.0,5.9,6,81,2,27021
2020-09-29,16,16,7,9,9,4,10,11,7,281,1007,10,1.2,0.0,5.9,7,79,3,27021
2020-09-30,10,10,7,6,6,4,9,9,14,322,1007,19,19.3,0.0,5.7,6,85,2,27021
2020-10-01,5,5,0,1,1,5,5,5,11,345,1022,15,3.5,0.0,5.7,1,74,1,27021
2020-10-02,8,8,1,3,3,6,4,5,3,193,1024,4,0.0,0.0,8.6,-3,62,2,27021
2020-10-03,9,9,-1,2,2,6,4,5,4,286,1023,6,0.1,0.0,8.6,-3,65,2,27021
2020-10-04,11,11,-1,2,2,6,5,6,7,207,1023,12,0.0,0.0,11.3,-2,66,3,27021
2020-10-05,19,19,7,11,11,5,13,14,11,239,1007,17,0.1,0.0,11.3,5,67,4,27021
2020-10-06,20,20,8,12,12,6,13,15,10,261,1006,17,0.0,0.0,8.6,5,59,3,27021
2020-10-07,16,16,8,10,10,6,11,13,9,298,1013,13,0.0,0.0,11.2,5,66,4,27021
2020-10-08,16,16,4,9,9,6,10,11,6,190,1018,10,0.0,0.0,11.2,2,61,4,27021
2020-10-09,23,23,13,17,17,6,19,19,11,269,1003,17,0.0,0.0,10.1,7,59,4,27021
2020-10-10,15,15,5,8,8,6,10,10,7,42,1015,10,0.0,0.0,11.1,3,64,4,27021
2020-10-11,18,18,8,11,11,5,13,13,16,154,1005,23,21.6,0.0,4.2,8,76,3,27021
2020-10-12,15,15,8,9,9,5,11,11,10,289,1003,15,29.9,0.0,7.2,3,64,3,27021
2020-10-13,13,13,6,7,7,6,9,11,12,279,1008,18,0.0,0.0,8.7,0,53,4,27021
2020-10-14,10,10,3,3,3,3,7,8,13,247,1001,18,4.9,0.0,4.1,1,71,2,27021
2020-10-15,5,5,-1,-3,-3,5,2,3,12,293,1015,17,0.7,0.2,8.7,-6,57,2,27021
2020-10-16,4,4,-1,-3,-3,6,1,2,9,287,1016,13,0.0,0.0,8.7,-11,43,2,27021
2020-10-17,3,3,-3,-4,-4,4,0,1,8,232,1013,12,7.8,6.5,4.1,-6,67,1,27021
2020-10-18,0,0,-5,-7,-7,6,-3,-2,9,274,1021,13,0.0,0.0,7.2,-7,71,1,27021
2020-10-19,1,1,-6,-6,-6,6,-3,-1,5,236,1025,8,0.1,0.0,8.7,-8,71,2,27021
2020-10-20,0,0,-6,-7,-7,3,-2,-2,8,135,1022,12,11.5,9.1,4.0,-4,90,1,27021
2020-10-21,1,1,-3,-5,-5,4,-1,-1,7,268,1020,10,3.1,3.0,4.0,-3,90,1,27021
2020-10-22,0,0,-5,-6,-6,1,-2,-2,8,49,1025,11,14.2,11.2,4.0,-3,95,1,27021
2020-10-23,-1,-1,-8,-8,-8,4,-3,-2,9,315,1028,14,0.5,0.4,4.0,-4,90,1,27021
2020-10-24,-2,-2,-8,-10,-10,5,-6,-4,6,306,1029,9,0.2,0.1,4.0,-7,87,1,27021
2020-10-25,-3,-3,-8,-9,-9,5,-5,-4,5,294,1031,8,0.7,0.7,4.0,-7,86,1,27021
2020-10-26,-4,-4,-11,-13,-13,4,-8,-6,7,260,1030,11,0.0,0.0,7.1,-10,88,1,27021
2020-10-27,-4,-4,-13,-15,-15,5,-9,-8,12,208,1020,17,0.3,0.2,5.5,-10,85,1,27021
2020-10-28,4,4,-1,-4,-4,5,1,2,11,295,1013,15,0.3,0.0,3.9,-1,89,1,27021
2020-10-29,0,0,-7,-5,-5,6,-3,-3,3,98,1024,5,0.1,0.0,8.7,-6,81,2,27021
2020-10-30,2,2,-4,-5,-5,5,-1,0,7,200,1023,11,0.4,0.3,3.9,-2,89,1,27021
2020-10-31,6,6,0,-1,-1,4,4,4,18,253,1008,25,0.4,0.0,3.9,-1,79,1,27021
2020-11-01,1,1,-4,-8,-8,5,-2,-1,15,312,1026,20,0.2,0.0,8.7,-10,57,1,27021
2020-11-02,9,9,-1,0,0,6,3,5,9,283,1018,14,0.0,0.0,8.7,-3,67,3,27021
2020-11-03,13,13,3,6,6,6,8,9,8,224,1009,15,0.0,0.0,8.7,4,78,3,27021
2020-11-04,16,16,5,8,8,6,10,11,7,235,1010,14,0.0,0.0,8.7,3,65,4,27021
2020-11-05,12,12,6,8,8,6,10,9,8,245,1017,14,0.0,0.0,8.7,4,69,3,27021
2020-11-06,17,17,9,12,12,6,13,13,8,187,1009,15,0.0,0.0,8.7,6,62,4,27021
2020-11-07,17,17,10,12,12,6,14,14,9,188,1007,17,0.1,0.0,5.3,9,74,3,27021
2020-11-08,19,19,12,15,15,6,16,16,16,173,1006,24,0.0,0.0,7.0,11,71,4,27021
2020-11-09,10,10,-2,3,3,3,5,5,8,326,1009,10,40.6,2.4,3.5,3,83,1,27021
2020-11-10,0,0,-4,-7,-7,4,-2,-2,8,230,1011,10,1.3,0.9,7.0,-8,65,1,27021
2020-11-11,2,2,-6,-6,-6,4,-2,-2,8,198,1010,12,5.4,4.8,8.7,-6,77,2,27021
2020-11-12,-3,-3,-6,-9,-9,6,-4,-4,9,281,1017,12,0.0,0.0,5.2,-10,65,1,27021
2020-11-13,-1,-1,-8,-9,-9,6,-5,-4,9,177,1017,12,0.0,0.0,7.0,-9,68,1,27021
2020-11-14,1,1,-3,-6,-6,5,-1,0,12,172,1001,16,0.1,0.0,5.2,-3,84,1,27021
2020-11-15,-2,-2,-4,-8,-8,4,-2,-2,16,307,1003,20,0.3,0.1,5.2,-6,74,1,27021
2020-11-16,0,0,-5,-7,-7,6,-3,-2,7,226,1018,10,0.0,0.0,3.4,-10,59,1,27021
2020-11-17,1,1,-6,-7,-7,6,-4,-2,6,275,1031,9,0.0,0.0,8.7,-9,67,2,27021
2020-11-18,4,4,-3,-4,-4,6,1,1,12,172,1013,19,0.0,0.0,5.2,-2,80,1,27021
2020-11-19,5,5,0,0,0,5,2,3,5,321,1009,8,0.2,0.0,3.4,0,86,1,27021
2020-11-20,-1,-1,-5,-7,-7,6,-2,-2,10,309,1027,14,0.1,0.0,6.9,-7,71,1,27021
2020-11-21,1,1,-5,-6,-6,6,-2,-2,7,193,1032,11,0.0,0.0,8.7,-9,60,2,27021
2020-11-22,2,2,-3,-4,-4,4,0,1,10,270,1022,13,3.5,2.2,5.2,-3,81,1,27021
2020-11-23,-2,-2,-7,-8,-8,6,-4,-4,8,184,1025,10,0.0,0.0,8.7,-10,65,2,27021
2020-11-24,1,1,-5,-6,-6,4,-1,0,9,150,1013,14,5.0,2.5,3.4,-3,86,1,27021
2020-11-25,1,1,-3,-2,-2,3,0,0,4,153,1013,6,0.0,0.0,3.4,-1,92,1,27021
2020-11-26,2,2,-2,-4,-4,5,-1,0,8,242,1011,11,0.0,0.0,6.9,-3,85,1,27021
2020-11-27,-1,-1,-5,-7,-7,6,-2,-2,10,263,1018,14,0.0,0.0,6.9,-7,71,1,27021
2020-11-28,4,4,-3,-3,-3,6,1,2,8,240,1011,14,0.0,0.0,8.7,-6,61,2,27021
2020-11-29,-2,-2,-9,-11,-11,4,-4,-4,16,319,1022,20,0.3,0.0,3.3,-9,66,1,27021
2020-11-30,-4,-4,-9,-11,-11,6,-7,-7,6,203,1026,8,0.0,0.0,8.7,-13,64,2,27021
2020-12-01,-1,-1,-7,-9,-9,6,-5,-4,7,169,1019,11,0.0,0.0,8.7,-12,59,2,27021
2020-12-02,0,0,-6,-5,-5,6,-2,-2,5,318,1027,8,0.0,0.0,8.7,-6,77,2,27021
2020-12-03,1,1,-4,-6,-6,6,-2,-1,7,278,1019,10,0.0,0.0,8.7,-6,71,2,27021
2020-12-04,-1,-1,-3,-4,-4,6,-2,-2,4,245,1017,6,0.0,0.0,5.1,-4,85,1,27021
2020-12-05,0,0,-4,-5,-5,5,-2,-2,5,260,1021,8,0.0,0.0,8.7,-5,83,1,27021
2020-12-06,1,1,-5,-4,-4,4,-2,-2,3,221,1018,5,0.0,0.0,8.7,-4,89,1,27021
2020-12-07,0,0,-3,-4,-4,3,-2,-1,5,194,1016,8,0.0,0.0,3.3,-3,91,1,27021
2020-12-08,2,2,-3,-4,-4,6,-1,0,5,244,1013,10,0.0,0.0,8.7,-4,79,2,27021
2020-12-09,3,3,-1,-1,-1,6,1,1,4,271,1011,7,0.0,0.0,8.7,-3,79,2,27021
2020-12-10,1,1,-3,-3,-3,6,0,0,5,202,1014,8,0.2,0.1,5.1,-2,89,1,27021
2020-12-11,-1,-1,-4,-6,-6,6,-3,-3,6,80,1024,8,0.0,0.0,8.7,-7,74,1,27021
2020-12-12,-3,-3,-6,-8,-8,6,-4,-4,5,44,1025,7,0.0,0.0,8.7,-8,78,2,27021
2020-12-13,-4,-4,-10,-11,-11,5,-6,-6,8,264,1020,11,0.2,0.1,5.1,-10,75,1,27021
2020-12-14,-11,-11,-14,-18,-18,6,-12,-12,8,262,1029,10,0.1,0.0,8.7,-19,57,2,27021
2020-12-15,-7,-7,-12,-14,-14,6,-10,-9,6,162,1026,9,0.0,0.0,3.3,-17,54,1,27021
2020-12-16,-5,-5,-8,-13,-13,5,-7,-7,9,176,1017,14,0.1,0.0,3.3,-13,63,1,27021
2020-12-17,-3,-3,-7,-9,-9,4,-5,-5,5,171,1017,8,1.6,1.4,3.3,-6,90,1,27021
2020-12-18,-1,-1,-6,-7,-7,4,-3,-2,11,211,1013,16,4.2,3.3,3.3,-6,87,1,27021
2020-12-19,-7,-7,-12,-14,-14,6,-10,-10,6,245,1018,9,0.0,0.0,8.7,-13,79,2,27021
2020-12-20,-3,-3,-8,-9,-9,5,-5,-4,8,245,1007,13,0.1,0.0,6.8,-7,79,1,27021
2020-12-21,0,0,-8,-9,-9,3,-3,-3,10,288,1007,14,9.2,7.8,3.1,-4,92,1,27021
2020-12-22,-1,-1,-9,-10,-10,6,-5,-4,9,183,1009,15,0.0,0.0,8.3,-7,83,1,27021
2020-12-23,0,0,-17,-14,-14,2,-6,-7,17,249,995,24,10.7,2.6,3.1,-7,91,1,27021
2020-12-24,-20,-20,-22,-32,-32,3,-21,-21,16,324,1016,22,1.3,0.0,3.1,-21,94,1,27021
2020-12-25,-5,-5,-21,-18,-18,4,-12,-11,7,266,1015,10,0.0,0.0,6.8,-14,87,1,27021
2020-12-26,-8,-8,-10,-14,-14,5,-9,-9,7,290,1016,11,0.1,0.1,3.1,-10,90,1,27021
2020-12-27,-10,-10,-14,-16,-16,3,-11,-11,7,184,1014,9,5.0,4.2,3.1,-12,92,1,27021
2020-12-28,-14,-14,-18,-21,-21,3,-15,-15,6,282,1028,10,0.0,0.0,6.8,-16,90,1,27021
2020-12-29,-9,-9,-19,-20,-20,5,-14,-13,8,184,1027,13,2.1,1.6,3.1,-15,88,1,27021
2020-12-30,-9,-9,-15,-17,-17,3,-11,-11,8,269,1015,12,4.2,3.6,3.1,-12,91,1,27021
2020-12-31,-8,-8,-15,-17,-17,4,-12,-11,6,200,1023,10,0.0,0.0,8.4,-13,90,1,27021
2021-01-01,-5,-5,-12,-13,-13,3,-9,-8,5,197,1021,8,0.1,0.0,8.4,-10,94,1,27021
2021-01-02,-2,-2,-8,-9,-9,4,-5,-5,7,204,1015,12,0.0,0.0,8.4,-6,92,1,27021
2021-01-03,-1,-1,-7,-9,-9,6,-5,-4,8,198,1009,14,0.0,0.0,8.4,-6,90,2,27021
2021-01-04,1,1,-4,-6,-6,6,-1,0,10,250,1008,17,0.0,0.0,8.4,-4,82,2,27021
2021-01-05,-3,-3,-7,-8,-8,6,-5,-5,4,187,1017,7,0.0,0.0,6.9,-7,90,1,27021
2021-01-06,-2,-2,-7,-9,-9,4,-4,-4,8,125,1025,12,0.0,0.0,3.2,-5,92,1,27021
2021-01-07,-2,-2,-9,-9,-9,2,-5,-5,5,153,1031,9,0.0,0.0,8.4,-6,93,1,27021
2021-01-08,-3,-3,-10,-9,-9,3,-8,-7,2,201,1031,5,0.0,0.0,8.5,-9,91,1,27021
2021-01-09,-3,-3,-8,-7,-7,3,-5,-4,3,334,1030,6,0.2,0.1,3.2,-6,95,1,27021
2021-01-10,-3,-3,-8,-10,-10,4,-6,-6,6,250,1028,10,0.0,0.0,8.5,-7,93,1,27021
2021-01-11,-1,-1,-6,-8,-8,6,-4,-3,8,240,1016,12,0.0,0.0,3.2,-5,91,1,27021
2021-01-12,1,1,-8,-7,-7,4,-3,-3,7,241,1012,12,0.0,0.0,8.5,-5,89,1,27021
2021-01-13,1,1,-6,-5,-5,6,-2,-1,4,203,1005,8,0.0,0.0,8.7,-3,89,1,27021
2021-01-14,1,1,-4,-5,-5,4,-1,0,9,267,998,15,0.6,0.4,3.4,-3,86,1,27021
2021-01-15,-2,-2,-6,-8,-8,1,-2,-2,12,202,1010,17,7.4,6.3,3.4,-4,93,1,27021
2021-01-16,-8,-8,-12,-15,-15,4,-9,-10,7,334,1015,11,1.3,1.1,3.4,-10,94,1,27021
2021-01-17,-6,-6,-12,-13,-13,2,-9,-9,5,318,1012,8,0.1,0.0,3.4,-10,95,1,27021
2021-01-18,-13,-13,-18,-22,-22,3,-16,-16,7,326,1018,11,0.0,0.0,3.5,-17,94,1,27021
2021-01-19,-14,-14,-22,-23,-23,2,-18,-17,3,318,1025,6,0.4,0.3,3.6,-19,93,1,27021
2021-01-20,0,0,-19,-14,-14,5,-7,-5,11,229,1007,18,0.0,0.0,7.0,-10,86,1,27021
2021-01-21,-6,-6,-19,-18,-18,5,-10,-11,13,302,1010,18,0.4,0.3,3.6,-12,87,1,27021
2021-01-22,-13,-13,-22,-25,-25,3,-18,-18,6,285,1026,10,0.0,0.0,8.7,-19,90,1,27021
2021-01-23,-9,-9,-17,-18,-18,1,-13,-12,6,177,1024,10,2.7,2.0,3.6,-14,95,1,27021
2021-01-24,-12,-12,-21,-21,-21,3,-15,-16,7,238,1023,10,1.5,0.9,7.0,-16,92,1,27021
2021-01-25,-14,-14,-22,-25,-25,5,-18,-17,6,42,1026,9,0.0,0.0,3.6,-20,88,1,27021
2021-01-26,-16,-16,-22,-27,-27,5,-20,-20,7,11,1029,11,0.0,0.0,8.7,-21,90,2,27021
2021-01-27,-17,-17,-26,-27,-27,4,-22,-22,4,202,1036,7,0.0,0.0,8.7,-23,90,1,27021
2021-01-28,-10,-10,-21,-22,-22,5,-16,-14,7,132,1035,11,0.1,0.0,7.0,-17,90,1,27021
2021-01-29,-7,-7,-13,-16,-16,5,-10,-10,10,124,1024,14,0.3,0.0,3.6,-11,93,1,27021
2021-01-30,-3,-3,-9,-10,-10,2,-6,-5,8,111,1016,12,1.5,0.7,3.7,-6,93,1,27021
2021-01-31,-2,-2,-5,-6,-6,2,-4,-3,4,183,1021,6,3.2,2.6,3.7,-4,94,1,27021
2021-02-01,-5,-5,-14,-13,-13,3,-10,-10,3,293,1029,6,0.0,0.0,5.3,-11,93,1,27021
2021-02-02,-4,-4,-12,-13,-13,4,-8,-7,7,156,1025,11,0.0,0.0,7.0,-9,92,1,27021
2021-02-03,-3,-3,-8,-11,-11,5,-5,-5,9,166,1012,13,0.6,0.3,3.7,-6,93,1,27021
2021-02-04,-7,-7,-20,-19,-19,4,-11,-12,12,290,1005,16,2.4,2.0,3.7,-12,91,1,27021
2021-02-05,-18,-18,-22,-32,-32,6,-20,-20,15,314,1009,21,0.1,0.0,3.7,-22,89,1,27021
2021-02-06,-25,-25,-29,-38,-38,6,-26,-27,12,305,1023,17,0.0,0.0,3.7,-28,90,1,27021
2021-02-07,-24,-24,-33,-39,-39,6,-29,-29,7,304,1030,11,0.0,0.0,3.7,-31,90,1,27021
2021-02-08,-22,-22,-33,-37,-37,4,-28,-27,7,256,1030,11,0.0,0.0,8.7,-30,88,1,27021
2021-02-09,-20,-20,-29,-35,-35,5,-26,-24,7,257,1032,12,0.0,0.0,5.4,-27,88,1,27021
2021-02-10,-22,-22,-30,-35,-35,4,-27,-26,6,281,1037,9,0.0,0.0,5.4,-28,90,1,27021
2021-02-11,-23,-23,-31,-34,-34,3,-27,-26,5,304,1042,7,0.3,0.2,3.8,-28,91,1,27021
2021-02-12,-26,-26,-33,-37,-37,4,-30,-30,4,308,1042,7,0.1,0.1,3.8,-31,90,1,27021
2021-02-13,-25,-25,-32,-36,-36,4,-30,-28,4,295,1041,7,0.1,0.0,3.8,-31,91,1,27021
2021-02-14,-25,-25,-35,-41,-41,4,-31,-30,7,315,1043,11,0.0,0.0,3.8,-32,91,1,27021
2021-02-15,-21,-21,-34,-32,-32,6,-28,-27,2,248,1039,4,0.0,0.0,8.7,-30,85,2,27021
2021-02-16,-16,-16,-30,-26,-26,5,-22,-22,3,154,1030,5,0.0,0.0,7.1,-25,89,1,27021
2021-02-17,-15,-15,-25,-25,-25,2,-19,-19,5,172,1028,7,1.5,1.2,3.9,-20,94,1,27021
2021-02-18,-13,-13,-20,-20,-20,5,-17,-16,3,241,1030,5,0.9,0.8,3.9,-18,93,1,27021
2021-02-19,-11,-11,-23,-20,-20,3,-17,-16,2,268,1027,4,0.1,0.1,3.9,-18,92,1,27021
2021-02-20,-7,-7,-18,-20,-20,4,-13,-12,9,186,1022,14,0.2,0.1,7.1,-14,92,1,27021
