date,tempC,maxtempC,mintempC,WindChillC,FeelsLikeC,visibilityMiles,HeatIndexC,avgtempC,windspeedMiles,winddirDegree,pressure,WindGustMiles,precipMM,totalSnow_cm,sunHour,DewPointC,humidity,uvIndex,fips
2019-01-01,-13,-13,-21,-23,-23,6,-17,-17,6,245,1036,12,0.0,0.0,8.7,-20,80,2,46085
2019-01-02,-1,-1,-11,-12,-12,5,-7,-5,8,282,1019,19,0.1,0.0,8.7,-10,79,1,46085
2019-01-03,4,4,-9,-5,-5,6,-1,-3,8,258,1014,17,0.0,0.0,8.7,-4,87,2,46085
2019-01-04,4,4,-4,-3,-3,5,1,1,7,271,1012,16,0.0,0.0,8.7,-2,87,1,46085
2019-01-05,3,3,-4,-4,-4,6,0,-1,6,298,1016,13,0.0,0.0,8.7,-2,92,2,46085
2019-01-06,2,2,-5,-5,-5,4,-1,-1,7,129,1008,16,0.4,0.3,3.4,-2,94,1,46085
2019-01-07,5,5,-1,-4,-4,6,0,1,7,247,1012,19,0.1,0.0,6.9,-2,87,1,46085
2019-01-08,0,0,-4,-6,-6,6,-2,-2,7,298,1023,25,0.0,0.0,8.7,-4,85,2,46085
2019-01-09,-4,-4,-9,-11,-11,6,-6,-6,6,69,1034,13,0.0,0.0,6.9,-11,73,2,46085
2019-01-10,1,1,-4,-6,-6,5,-2,-1,7,133,1022,13,0.0,0.0,8.7,-5,81,1,46085
2019-01-11,0,0,-5,-6,-6,4,-2,-2,4,20,1023,7,0.0,0.0,6.9,-3,93,2,46085
2019-01-12,-5,-5,-8,-8,-8,4,-6,-7,4,11,1031,7,0.5,0.3,3.4,-7,90,1,46085
2019-01-13,2,2,-7,-6,-6,5,-3,-2,5,158,1028,11,0.0,0.0,8.7,-5,86,2,46085
2019-01-14,-1,-1,-8,-6,-6,6,-4,-3,4,348,1025,8,0.0,0.0,8.7,-5,87,2,46085
2019-01-15,2,2,-5,-5,-5,6,-2,-1,6,297,1021,12,0.0,0.0,8.7,-4,85,2,46085
2019-01-16,-7,-7,-11,-13,-13,4,-7,-9,8,104,1025,11,1.0,0.6,3.4,-9,88,1,46085
2019-01-17,-5,-5,-9,-9,-9,5,-6,-7,5,56,1022,7,0.2,0.3,3.5,-7,93,1,46085
2019-01-18,-12,-12,-13,-19,-19,2,-11,-13,11,50,1026,16,14.2,11.1,3.5,-12,93,1,46085
2019-01-19,-14,-14,-21,-21,-21,5,-16,-18,5,102,1033,9,0.1,0.1,8.7,-19,80,2,46085
2019-01-20,-11,-11,-15,-19,-19,5,-13,-13,10,100,1026,16,0.2,0.2,3.5,-15,81,1,46085
2019-01-21,-4,-4,-11,-14,-14,3,-7,-8,14,147,1014,22,1.0,0.5,3.5,-8,88,1,46085
2019-01-22,-9,-9,-11,-16,-16,3,-9,-10,13,336,1023,14,1.0,0.7,3.5,-10,91,1,46085
2019-01-23,-1,-1,-9,-9,-9,6,-5,-4,8,283,1017,16,0.0,0.0,8.7,-7,86,2,46085
2019-01-24,-14,-14,-16,-21,-21,4,-13,-15,15,312,1031,19,0.3,0.1,8.7,-16,77,1,46085
2019-01-25,-8,-8,-9,-16,-16,5,-10,-8,7,335,1022,14,0.1,0.0,3.5,-13,83,1,46085
2019-01-26,1,1,-8,-8,-8,3,-3,-3,6,321,1020,11,1.0,0.7,3.5,-7,89,1,46085
2019-01-27,4,4,-7,-7,-7,4,-2,-2,9,207,1010,20,1.7,0.9,3.5,-5,89,1,46085
2019-01-28,-8,-8,-13,-18,-18,4,-9,-11,18,325,1024,29,0.2,0.0,3.5,-13,74,1,46085
2019-01-29,-17,-17,-20,-25,-25,6,-16,-18,12,317,1031,19,0.0,0.0,6.4,-21,70,1,46085
2019-01-30,-19,-19,-27,-28,-28,6,-22,-22,6,106,1031,9,0.0,0.0,9.9,-26,72,2,46085
2019-01-31,-7,-7,-15,-16,-16,6,-12,-11,5,136,1019,10,0.0,0.0,9.9,-15,78,2,46085
2019-02-01,5,5,-10,-5,-5,6,-2,-2,6,195,1014,12,0.0,0.0,9.9,-6,81,2,46085
2019-02-02,5,5,-4,-2,-2,6,1,1,5,196,1006,12,0.0,0.0,10.0,-2,81,2,46085
2019-02-03,-4,-4,-7,-10,-10,5,-6,-6,8,41,1006,12,1.2,0.5,6.6,-7,88,1,46085
2019-02-04,-14,-14,-16,-23,-23,6,-14,-15,12,323,1021,16,0.6,0.7,10.0,-17,75,2,46085
2019-02-05,-15,-15,-20,-25,-25,6,-18,-18,7,93,1025,10,0.2,0.1,5.0,-19,90,1,46085
2019-02-06,-13,-13,-18,-24,-24,4,-16,-16,9,17,1023,13,3.4,2.3,5.0,-17,92,1,46085
2019-02-07,-18,-18,-19,-31,-31,1,-19,-19,18,317,1031,25,6.7,2.7,5.0,-20,89,1,46085
2019-02-08,-15,-15,-26,-27,-27,6,-20,-20,7,226,1040,14,0.0,0.0,10.1,-23,73,2,46085
2019-02-09,-4,-4,-14,-16,-16,11,-9,-9,12,119,1032,20,0.0,0.0,10.5,-13,79,2,46085
2019-02-10,-12,-12,-14,-19,-19,6,-12,-13,8,232,1026,11,3.3,1.9,5.3,-14,86,1,46085
2019-02-11,-4,-4,-12,-14,-14,5,-8,-8,8,122,1015,14,1.8,1.3,5.3,-10,89,1,46085
2019-02-12,-11,-11,-14,-19,-19,6,-12,-13,10,304,1024,16,0.7,0.8,10.6,-15,78,2,46085
2019-02-13,1,1,-13,-11,-11,8,-6,-5,6,140,1009,12,0.0,0.0,10.0,-10,79,2,46085
2019-02-14,-11,-11,-14,-20,-20,7,-12,-12,10,318,1013,18,0.2,0.1,6.9,-14,84,1,46085
2019-02-15,-12,-12,-20,-22,-22,6,-15,-16,7,79,1024,8,0.4,0.3,5.4,-18,80,1,46085
2019-02-16,-9,-9,-12,-17,-17,7,-10,-11,8,129,1018,17,2.3,1.6,5.4,-12,85,1,46085
2019-02-17,-10,-10,-12,-17,-17,4,-10,-11,9,342,1022,13,12.1,10.6,5.4,-12,85,1,46085
2019-02-18,-12,-12,-15,-18,-18,3,-13,-14,6,306,1036,8,1.7,1.5,5.4,-15,85,1,46085
2019-02-19,-9,-9,-18,-18,-18,1,-12,-13,7,128,1033,11,1.8,1.2,5.4,-14,87,1,46085
2019-02-20,-5,-5,-11,-12,-12,2,-7,-8,6,234,1015,10,6.1,5.4,5.4,-10,85,1,46085
2019-02-21,-7,-7,-21,-16,-16,5,-12,-13,4,304,1023,8,0.4,0.2,7.0,-14,87,1,46085
2019-02-22,-4,-4,-12,-12,-12,2,-8,-8,5,108,1024,13,11.5,9.5,5.5,-8,91,1,46085
2019-02-23,-5,-5,-9,-12,-12,9,-7,-7,8,307,1017,15,1.1,1.2,7.0,-8,89,1,46085
2019-02-24,-9,-9,-17,-19,-19,6,-10,-11,14,306,1028,23,0.0,0.0,7.0,-13,79,1,46085
2019-02-25,-13,-13,-16,-21,-21,1,-14,-14,9,69,1035,9,2.5,2.1,5.5,-17,78,1,46085
2019-02-26,-11,-11,-16,-21,-21,3,-13,-14,10,124,1032,10,0.1,0.0,5.5,-15,83,1,46085
2019-02-27,-10,-10,-17,-21,-21,6,-13,-14,9,285,1038,12,0.0,0.0,11.1,-16,77,2,46085
2019-02-28,-7,-7,-16,-17,-17,4,-10,-9,9,209,1028,5,0.6,0.3,5.5,-13,80,1,46085
2019-03-01,-11,-11,-14,-20,-20,3,-12,-12,11,244,1026,11,5.0,4.1,5.6,-14,81,1,46085
2019-03-02,-16,-16,-20,-26,-26,3,-17,-18,9,353,1038,11,1.3,1.1,5.6,-20,80,1,46085
2019-03-03,-15,-15,-22,-26,-26,6,-18,-18,8,291,1036,19,0.0,0.0,8.6,-20,82,1,46085
2019-03-04,-12,-12,-20,-25,-25,6,-17,-17,12,289,1031,25,0.0,0.0,11.2,-19,81,2,46085
2019-03-05,-10,-10,-17,-22,-22,6,-14,-14,12,294,1031,20,0.0,0.0,11.2,-15,85,2,46085
2019-03-06,-8,-8,-15,-17,-17,6,-12,-11,5,230,1029,9,0.0,0.0,10.1,-14,85,1,46085
2019-03-07,-6,-6,-14,-16,-16,3,-10,-10,8,116,1025,12,4.5,3.7,5.7,-11,95,1,46085
2019-03-08,0,0,-10,-9,-9,5,-4,-4,8,152,1016,13,0.1,0.1,5.7,-5,95,1,46085
2019-03-09,1,1,-5,-6,-6,1,-1,0,13,219,1006,20,14.0,11.4,5.7,-2,93,1,46085
2019-03-10,-2,-2,-10,-11,-11,6,-7,-6,7,281,1024,13,0.0,0.0,11.4,-9,86,2,46085
2019-03-11,-1,-1,-11,-8,-8,5,-6,-6,4,158,1027,7,0.1,0.0,8.8,-7,89,1,46085
2019-03-12,5,5,0,-1,-1,3,2,3,7,196,1012,15,0.2,0.0,7.3,1,95,1,46085
2019-03-13,2,2,0,-4,-4,2,1,2,15,33,997,25,67.4,12.4,5.9,1,96,1,46085
2019-03-14,1,1,-1,-7,-7,0,0,1,24,331,1008,36,7.3,0.0,6.0,-2,84,1,46085
2019-03-15,0,0,-6,-8,-8,6,-3,-3,11,295,1028,18,0.0,0.0,11.6,-5,88,2,46085
2019-03-16,1,1,-5,-7,-7,6,-3,-2,8,302,1029,13,0.0,0.0,10.2,-4,88,1,46085
2019-03-17,1,1,-7,-6,-6,12,-3,-2,5,261,1030,9,0.0,0.0,11.6,-5,85,2,46085
2019-03-18,3,3,-7,-5,-5,12,-2,-2,5,223,1031,9,0.0,0.0,10.2,-5,82,1,46085
2019-03-19,4,4,-1,-2,-2,5,1,2,7,304,1026,12,0.7,0.3,6.0,0,93,1,46085
2019-03-20,3,3,-2,-4,-4,5,0,1,9,318,1024,16,0.6,0.4,7.4,0,94,1,46085
2019-03-21,6,6,0,0,0,1,2,3,4,274,1023,8,0.3,0.0,8.8,2,96,1,46085
2019-03-22,6,6,0,-1,-1,4,2,2,8,102,1024,12,0.6,0.0,8.8,1,91,1,46085
2019-03-23,10,10,2,2,2,5,5,6,8,134,1018,14,1.6,0.0,7.5,2,82,2,46085
2019-03-24,6,6,2,0,0,6,4,4,9,27,1022,13,1.6,0.0,6.1,2,90,1,46085
2019-03-25,7,7,0,0,0,5,3,3,7,97,1029,9,0.7,0.3,6.1,1,86,1,46085
2019-03-26,17,17,2,7,7,5,9,10,10,167,1021,16,0.2,0.0,11.6,3,72,3,46085
2019-03-27,17,17,10,12,12,6,13,13,10,319,1012,16,0.0,0.0,9.0,7,68,3,46085
2019-03-28,9,9,3,3,3,11,6,7,9,27,1022,13,0.2,0.0,9.0,1,72,2,46085
2019-03-29,8,8,1,2,2,11,5,5,6,66,1023,8,0.1,0.0,10.3,-1,66,2,46085
2019-03-30,6,6,-2,-2,-2,12,2,2,9,230,1031,13,0.1,0.0,11.6,-7,55,2,46085
2019-03-31,14,14,-2,3,3,6,6,7,9,253,1025,14,0.0,0.0,11.6,-3,56,3,46085
2019-04-01,5,5,-2,-2,-2,5,1,2,5,18,1022,7,2.5,0.6,6.4,-3,78,1,46085
2019-04-02,11,11,-1,2,2,6,5,7,9,297,1018,14,0.0,0.0,11.6,-1,66,3,46085
2019-04-03,9,9,2,3,3,5,6,7,9,92,1020,13,2.8,0.0,6.5,1,72,2,46085
2019-04-04,10,10,3,3,3,5,6,7,9,157,1019,13,0.4,0.0,9.0,4,83,2,46085
2019-04-05,22,22,5,12,12,5,13,14,7,155,1011,13,3.4,0.0,11.6,7,72,4,46085
2019-04-06,23,23,11,17,17,5,18,17,7,172,1006,13,5.0,0.0,10.3,11,73,4,46085
2019-04-07,20,20,11,14,14,6,15,16,12,310,1009,18,2.0,0.0,9.1,6,62,4,46085
2019-04-08,19,19,10,14,14,6,14,16,12,311,1012,18,0.0,0.0,11.6,3,47,5,46085
2019-04-09,16,16,6,9,9,6,10,12,11,102,1013,15,3.3,0.0,11.6,3,60,3,46085
2019-04-10,1,1,-7,-5,-5,0,1,0,21,59,1012,29,18.5,0.0,6.6,-1,88,1,46085
2019-04-11,-2,-2,-8,-9,-9,0,-2,-2,22,129,1005,31,61.4,0.0,6.6,-3,94,1,46085
2019-04-12,1,1,-3,-7,-7,2,-1,-1,15,308,1009,23,4.7,0.6,6.6,-2,92,1,46085
2019-04-13,5,5,-5,-2,-2,5,1,1,6,267,1020,11,0.1,0.1,11.6,-2,87,2,46085
2019-04-14,5,5,-5,-4,-4,6,0,1,10,130,1011,18,0.0,0.0,8.0,-1,91,1,46085
2019-04-15,12,12,0,3,3,6,6,6,6,266,1007,11,0.0,0.0,11.6,3,86,2,46085
2019-04-16,16,16,2,8,8,6,9,10,7,110,1011,10,0.0,0.0,11.6,4,72,3,46085
2019-04-17,12,12,8,7,7,4,10,10,12,317,1007,18,4.6,0.0,6.9,6,81,3,46085
2019-04-18,14,14,4,7,7,6,10,10,10,341,1015,15,0.6,0.0,9.2,3,71,2,46085
2019-04-19,19,19,4,11,11,6,12,12,6,209,1016,10,0.0,0.0,11.6,3,61,4,46085
2019-04-20,30,30,12,20,21,6,21,22,9,195,1003,14,0.0,0.0,10.4,8,48,6,46085
2019-04-21,15,15,12,12,12,5,13,14,14,26,1006,20,4.2,0.0,6.9,10,83,3,46085
2019-04-22,17,17,9,11,11,5,13,13,12,129,1019,18,3.3,0.0,9.3,4,57,3,46085
2019-04-23,21,21,7,14,14,6,15,15,8,197,1018,13,0.0,0.0,11.6,4,53,5,46085
2019-04-24,24,24,10,17,17,6,18,19,9,293,1009,15,1.1,0.0,11.6,7,54,4,46085
2019-04-25,20,20,10,14,14,5,15,16,10,324,1015,16,5.3,0.0,11.6,5,58,4,46085
2019-04-26,14,14,4,8,8,6,9,11,8,102,1018,12,0.0,0.0,11.6,-3,41,4,46085
2019-04-27,9,9,4,3,3,4,6,6,11,64,1014,15,15.7,0.0,7.0,2,78,2,46085
2019-04-28,16,16,2,5,5,5,9,10,15,163,1010,22,5.5,0.0,10.5,3,71,2,46085
2019-04-29,8,8,3,2,2,6,6,6,14,323,1019,20,1.5,0.0,9.3,0,67,2,46085
2019-04-30,7,7,2,2,2,4,5,5,8,65,1022,10,3.0,0.0,7.0,1,79,1,46085
2019-05-01,8,8,2,2,2,3,5,5,6,225,1020,9,6.5,0.0,7.1,3,87,2,46085
2019-05-02,16,16,1,7,7,6,8,9,8,193,1020,13,0.2,0.0,11.6,1,65,3,46085
2019-05-03,17,17,7,11,11,6,13,13,9,313,1013,15,1.7,0.0,9.3,4,60,3,46085
2019-05-04,21,21,8,14,14,6,15,16,7,205,1011,11,0.4,0.0,11.6,5,54,5,46085
2019-05-05,14,14,6,6,6,5,9,10,12,29,1013,16,2.5,0.0,10.5,4,72,3,46085
2019-05-06,11,11,4,5,5,4,7,9,8,56,1021,12,1.1,0.0,8.2,2,73,2,46085
2019-05-07,12,12,2,4,4,5,6,8,9,105,1023,13,10.8,0.0,9.4,2,77,2,46085
2019-05-08,9,9,4,3,3,3,7,8,12,22,1016,17,40.5,0.0,7.1,6,93,2,46085
2019-05-09,12,12,2,4,4,6,7,7,10,344,1021,15,0.2,0.0,11.6,1,72,3,46085
2019-05-10,16,16,2,9,9,6,10,10,6,210,1020,9,0.0,0.0,11.6,0,55,4,46085
2019-05-11,14,14,8,8,8,5,10,11,13,281,1009,21,8.6,0.0,8.3,5,73,3,46085
2019-05-12,16,16,8,10,10,6,12,12,8,320,1010,12,0.9,0.0,8.3,7,74,3,46085
2019-05-13,24,24,7,15,15,5,16,17,9,164,1008,14,4.8,0.0,10.5,10,72,4,46085
2019-05-14,25,25,12,18,18,5,19,20,7,244,1010,10,7.3,0.0,11.6,12,68,6,46085
2019-05-15,27,27,14,20,20,6,21,21,10,146,1009,16,0.0,0.0,11.6,15,71,6,46085
2019-05-16,24,24,14,19,19,6,20,21,12,37,1007,17,0.2,0.0,13.5,13,68,6,46085
2019-05-17,13,13,7,9,9,5,11,12,15,68,1004,23,26.1,0.0,9.3,9,81,3,46085
2019-05-18,15,15,8,12,12,3,13,13,11,227,1001,18,34.6,0.0,9.3,12,91,3,46085
2019-05-19,8,8,6,4,4,4,7,7,11,234,1014,14,5.9,0.0,9.3,4,85,2,46085
2019-05-20,11,11,2,4,4,4,6,8,8,114,1020,11,13.6,0.0,9.3,4,86,2,46085
2019-05-21,8,8,6,3,3,3,7,8,17,76,1009,24,35.5,0.0,9.4,6,92,2,46085
2019-05-22,12,12,7,7,7,4,9,10,9,319,1001,14,18.9,0.0,10.4,8,91,3,46085
2019-05-23,15,15,5,9,9,4,10,11,7,241,1017,11,1.4,0.0,10.4,7,82,3,46085
2019-05-24,23,23,10,16,16,5,18,18,11,230,1008,16,11.6,0.0,14.5,10,72,5,46085
2019-05-25,20,20,9,14,14,6,15,15,7,222,1014,11,0.0,0.0,14.5,7,63,5,46085
2019-05-26,23,23,11,16,16,6,18,18,10,130,1014,16,1.3,0.0,14.5,12,73,5,46085
2019-05-27,18,18,14,16,16,4,16,16,12,47,1008,18,12.2,0.0,9.4,14,90,4,46085
2019-05-28,13,13,9,10,10,3,12,12,11,58,1010,17,2.8,0.0,9.4,10,89,3,46085
2019-05-29,20,20,10,12,12,5,14,15,6,342,1010,11,9.4,0.0,9.4,10,78,3,46085
2019-05-30,27,27,12,19,19,6,20,21,6,305,1010,10,2.8,0.0,14.5,13,69,6,46085
2019-05-31,29,29,15,23,23,6,23,24,8,232,1010,13,0.0,0.0,14.5,12,56,6,46085
2019-06-01,21,21,11,16,16,5,18,17,9,350,1015,13,2.2,0.0,15.2,10,68,5,46085
2019-06-02,24,24,11,18,18,6,19,19,8,160,1015,13,1.9,0.0,15.2,11,67,5,46085
2019-06-03,29,29,17,23,24,5,24,24,11,182,1009,17,6.4,0.0,15.5,18,80,5,46085
2019-06-04,32,32,19,25,26,6,26,26,10,281,1005,16,0.0,0.0,15.6,16,63,7,46085
2019-06-05,28,28,17,23,24,6,24,23,7,24,1011,11,0.0,0.0,15.6,14,63,6,46085
2019-06-06,30,30,17,23,24,6,24,25,6,171,1010,10,0.0,0.0,15.6,15,61,6,46085
2019-06-07,30,30,19,24,25,6,25,26,14,175,1007,22,0.0,0.0,15.6,17,62,7,46085
2019-06-08,26,26,19,23,25,6,25,24,15,258,1009,22,1.0,0.0,14.6,15,63,5,46085
2019-06-09,20,20,12,15,15,11,16,17,12,317,1024,17,0.0,0.0,15.6,6,52,5,46085
2019-06-10,24,24,11,17,17,6,19,19,7,258,1024,12,0.0,0.0,15.6,6,47,5,46085
2019-06-11,22,22,12,16,16,9,18,18,8,221,1016,12,1.1,0.0,15.5,10,66,4,46085
2019-06-12,20,20,10,15,15,11,16,16,7,128,1020,11,0.1,0.0,15.7,7,61,5,46085
2019-06-13,26,26,11,19,19,12,20,20,8,187,1013,13,0.4,0.0,15.7,11,62,6,46085
2019-06-14,29,29,15,22,23,11,23,23,4,250,1002,7,1.4,0.0,15.7,15,70,6,46085
2019-06-15,25,25,16,21,22,11,22,22,9,317,1006,15,10.3,0.0,14.6,16,74,5,46085
2019-06-16,25,25,16,19,19,11,20,21,5,280,1011,8,0.4,0.0,15.7,14,69,5,46085
2019-06-17,23,23,15,19,19,12,20,20,7,67,1014,11,4.3,0.0,15.7,15,82,4,46085
2019-06-18,22,22,12,17,17,10,18,19,4,97,1015,7,0.1,0.0,15.5,12,75,4,46085
2019-06-19,22,22,14,17,17,6,18,18,10,173,1007,15,1.1,0.0,15.7,14,81,4,46085
2019-06-20,25,25,15,19,19,6,20,20,11,311,1004,17,1.6,0.0,15.7,14,73,5,46085
2019-06-21,22,22,15,19,19,6,19,20,9,216,1006,15,3.2,0.0,14.6,14,77,5,46085
2019-06-22,19,19,13,16,16,6,16,17,5,130,1013,7,0.4,0.0,15.7,11,72,4,46085
2019-06-23,19,19,11,14,14,5,14,16,5,289,1011,9,3.1,0.0,15.5,11,79,4,46085
2019-06-24,27,27,12,19,19,6,20,21,7,275,1006,12,0.6,0.0,15.7,11,66,6,46085
2019-06-25,26,26,14,20,20,6,21,21,6,307,1010,10,0.7,0.0,15.7,12,63,6,46085
2019-06-26,30,30,16,23,25,6,25,24,9,147,1012,14,0.4,0.0,15.7,17,71,6,46085
2019-06-27,34,34,22,27,30,6,30,28,7,173,1011,12,1.2,0.0,15.7,20,71,7,46085
2019-06-28,33,33,21,27,31,5,31,28,10,126,1013,16,0.0,0.0,15.7,23,80,7,46085
2019-06-29,36,36,23,29,34,6,34,30,13,157,1012,19,0.0,0.0,15.3,23,72,8,46085
2019-06-30,31,31,22,26,29,5,29,27,9,28,1013,14,6.5,0.0,15.3,21,73,6,46085
2019-07-01,25,25,20,22,23,5,23,23,5,26,1012,8,25.6,0.0,10.5,20,88,5,46085
2019-07-02,30,30,19,24,25,4,25,25,5,94,1010,8,0.0,0.0,14.5,18,74,7,46085
2019-07-03,31,31,19,25,26,4,26,26,9,141,1008,14,0.8,0.0,14.5,20,75,7,46085
2019-07-04,28,28,19,23,25,5,25,24,5,108,1011,9,9.5,0.0,13.5,18,78,5,46085
2019-07-05,27,27,19,22,24,4,24,23,8,38,1017,12,23.2,0.0,12.5,18,82,5,46085
2019-07-06,24,24,16,20,20,4,21,21,7,102,1022,10,0.1,0.0,11.5,16,81,5,46085
2019-07-07,28,28,17,22,24,4,24,24,12,154,1015,17,2.3,0.0,11.5,19,80,5,46085
2019-07-08,30,30,20,24,26,5,26,26,14,181,1010,22,5.7,0.0,13.5,18,73,7,46085
2019-07-09,29,29,20,25,26,6,26,25,12,279,1008,17,0.2,0.0,13.5,17,69,7,46085
2019-07-10,27,27,16,22,22,6,22,23,14,319,1017,21,0.0,0.0,13.5,13,62,5,46085
2019-07-11,30,30,17,24,25,6,25,25,10,165,1016,16,0.0,0.0,14.5,17,69,6,46085
2019-07-12,32,32,21,26,28,6,28,27,9,73,1011,14,0.0,0.0,14.5,19,68,7,46085
2019-07-13,34,34,21,27,29,4,29,27,6,128,1012,10,0.0,0.0,13.5,21,75,6,46085
2019-07-14,38,38,22,29,31,6,31,30,7,165,1010,12,0.8,0.0,14.5,19,61,7,46085
2019-07-15,35,35,21,28,30,6,30,29,4,169,1008,7,1.3,0.0,14.5,18,61,7,46085
2019-07-16,34,34,21,28,30,6,30,28,8,122,1009,11,3.1,0.0,13.5,19,63,7,46085
2019-07-17,36,36,21,28,31,5,31,29,10,180,1006,15,7.6,0.0,11.4,21,74,6,46085
2019-07-18,35,35,21,27,30,4,30,29,4,240,1002,7,0.0,0.0,14.5,20,70,7,46085
2019-07-19,34,34,23,28,31,6,31,30,11,210,1003,17,0.0,0.0,14.5,21,68,7,46085
2019-07-20,25,25,19,21,21,5,22,21,12,51,1011,18,6.6,0.0,11.4,17,78,5,46085
2019-07-21,24,24,16,20,20,6,20,21,8,44,1020,12,0.0,0.0,14.5,14,70,6,46085
2019-07-22,26,26,14,20,20,6,21,21,6,148,1024,9,0.0,0.0,14.5,12,65,6,46085
2019-07-23,28,28,15,22,23,6,23,23,7,143,1022,12,0.0,0.0,14.5,14,66,6,46085
2019-07-24,31,31,17,24,24,6,24,25,14,162,1016,22,0.0,0.0,14.5,15,63,6,46085
2019-07-25,31,31,22,27,28,6,28,27,9,138,1011,13,1.4,0.0,12.4,16,56,6,46085
2019-07-26,36,36,21,28,29,6,29,30,4,246,1013,7,0.0,0.0,14.5,16,54,7,46085
2019-07-27,32,32,19,25,26,6,26,27,8,102,1015,12,1.0,0.0,14.5,14,51,7,46085
2019-07-28,31,31,20,25,27,5,27,24,6,240,1011,9,12.1,0.0,12.4,18,75,5,46085
2019-07-29,28,28,15,22,23,6,23,22,6,222,1016,10,1.1,0.0,14.5,13,60,6,46085
2019-07-30,28,28,16,22,23,6,23,23,12,146,1016,17,0.9,0.0,11.4,16,74,5,46085
2019-07-31,27,27,18,22,23,6,23,23,12,139,1015,17,0.2,0.0,13.4,18,79,5,46085
2019-08-01,30,30,18,24,25,5,25,25,10,141,1016,14,2.9,0.0,11.3,19,78,6,46085
2019-08-02,28,28,20,23,25,4,25,24,8,128,1016,15,36.5,0.0,9.2,21,87,5,46085
2019-08-03,27,27,20,22,24,4,24,23,6,153,1016,8,4.1,0.0,10.3,20,86,5,46085
2019-08-04,32,32,19,26,27,4,27,27,5,128,1014,7,0.0,0.0,11.6,18,70,7,46085
2019-08-05,32,32,21,26,28,6,28,27,6,210,1011,9,1.0,0.0,11.6,18,65,6,46085
2019-08-06,33,33,18,25,26,6,26,27,7,177,1012,11,3.1,0.0,11.6,15,60,7,46085
2019-08-07,28,28,19,24,25,6,25,25,7,61,1010,12,2.2,0.0,11.6,17,68,7,46085
2019-08-08,27,27,15,21,21,5,21,21,7,109,1014,11,2.5,0.0,11.6,12,62,6,46085
2019-08-09,30,30,17,24,25,5,25,25,14,157,1011,21,5.3,0.0,9.3,17,71,5,46085
2019-08-10,30,30,20,25,26,5,26,25,9,226,1010,14,5.5,0.0,10.5,20,78,6,46085
2019-08-11,29,29,18,24,25,4,25,25,8,105,1013,12,0.0,0.0,11.6,18,75,6,46085
2019-08-12,28,28,20,24,25,6,25,24,6,216,1010,8,2.6,0.0,7.0,18,72,5,46085
2019-08-13,25,25,17,21,22,6,22,23,12,313,1016,17,0.0,0.0,11.6,11,55,6,46085
2019-08-14,26,26,12,19,19,6,20,20,6,238,1020,9,0.0,0.0,11.6,11,64,5,46085
2019-08-15,29,29,16,21,23,5,23,23,7,222,1013,11,1.4,0.0,10.5,14,67,5,46085
2019-08-16,29,29,16,23,23,6,23,24,4,241,1010,7,0.0,0.0,9.3,12,57,5,46085
2019-08-17,31,31,17,24,25,5,25,25,10,174,1005,16,4.6,0.0,11.6,16,69,7,46085
2019-08-18,25,25,14,20,20,5,21,20,7,325,1011,11,3.7,0.0,11.6,12,64,5,46085
2019-08-19,33,33,16,25,26,6,26,26,11,170,1011,17,0.0,0.0,11.6,17,68,7,46085
2019-08-20,32,32,21,25,27,6,27,28,9,148,1013,13,0.0,0.0,11.6,17,66,7,46085
2019-08-21,26,26,16,21,21,6,22,22,7,92,1018,11,0.0,0.0,11.6,11,58,6,46085
2019-08-22,29,29,16,22,23,5,23,23,11,140,1015,17,0.0,0.0,11.6,14,67,6,46085
2019-08-23,26,26,19,22,22,6,23,22,16,140,1015,22,0.1,0.0,6.9,17,75,5,46085
2019-08-24,24,24,18,20,20,5,21,21,17,142,1014,24,14.0,0.0,6.9,17,83,5,46085
2019-08-25,28,28,19,23,24,5,24,24,12,171,1007,17,3.0,0.0,9.2,18,76,5,46085
2019-08-26,24,24,18,21,21,5,21,22,10,309,1008,16,27.1,0.0,9.2,14,70,5,46085
2019-08-27,23,23,14,18,18,6,20,19,14,301,1014,22,0.0,0.0,11.6,7,50,5,46085
2019-08-28,26,26,12,19,19,6,20,20,6,268,1015,11,0.0,0.0,11.6,7,49,6,46085
2019-08-29,25,25,17,21,21,6,21,22,9,8,1014,14,0.0,0.0,11.6,11,58,6,46085
2019-08-30,23,23,13,18,18,6,18,18,7,101,1021,10,0.3,0.0,10.3,10,61,4,46085
2019-08-31,22,22,15,17,17,6,18,18,11,112,1018,16,3.8,0.0,6.6,15,85,4,46085
2019-09-01,31,31,16,23,24,4,24,24,7,103,1015,11,0.1,0.0,11.6,16,73,6,46085
2019-09-02,30,30,17,23,25,6,25,25,10,137,1011,16,0.0,0.0,11.6,19,78,5,46085
2019-09-03,27,27,19,23,24,6,24,24,12,322,1014,17,0.0,0.0,11.6,11,53,6,46085
2019-09-04,30,30,12,21,21,6,21,22,11,160,1017,16,0.0,0.0,11.6,11,59,6,46085
2019-09-05,34,34,17,25,25,6,25,27,9,345,1013,15,0.0,0.0,11.6,13,53,7,46085
2019-09-06,28,28,15,22,22,6,22,23,4,160,1019,7,0.1,0.0,11.6,12,57,6,46085
2019-09-07,20,20,17,19,19,5,19,19,13,114,1014,19,2.9,0.0,6.5,13,69,4,46085
2019-09-08,17,17,13,15,15,5,15,15,8,32,1015,11,2.7,0.0,6.5,13,87,4,46085
2019-09-09,29,29,14,22,23,6,23,24,12,169,1007,17,4.4,0.0,6.4,16,73,5,46085
2019-09-10,27,27,16,21,22,5,22,22,9,66,1012,15,11.7,0.0,11.6,13,66,6,46085
2019-09-11,20,20,13,17,17,4,18,19,15,59,1011,27,45.9,0.0,6.2,17,93,4,46085
2019-09-12,22,22,15,18,18,5,19,20,17,270,1010,25,16.4,0.0,8.9,14,77,4,46085
2019-09-13,23,23,11,16,16,5,18,18,11,285,1017,16,0.6,0.0,11.6,9,65,5,46085
2019-09-14,28,28,15,20,21,6,21,23,7,241,1012,12,0.0,0.0,11.6,11,56,6,46085
2019-09-15,0,0,0,23,23,6,25,0,13,0,1010,28,0.0,0.0,11.6,14,55,2,46085
2019-09-16,33,33,0,26,26,6,26,8,13,178,1008,22,1.3,0.0,10.2,15,53,2,46085
2019-09-17,32,32,22,27,28,5,28,28,15,191,1004,25,3.2,0.0,11.6,16,54,7,46085
2019-09-18,27,27,16,22,22,6,22,22,8,280,1010,13,0.0,0.0,11.6,10,48,6,46085
2019-09-19,28,28,16,22,22,5,22,23,9,127,1012,14,4.0,0.0,11.6,13,59,6,46085
2019-09-20,31,31,21,25,26,5,26,26,16,162,1007,25,5.4,0.0,11.6,19,71,6,46085
2019-09-21,25,25,17,21,22,5,22,22,13,272,1006,20,10.4,0.0,11.6,13,64,6,46085
2019-09-22,22,22,14,17,17,6,17,18,7,293,1013,10,0.0,0.0,11.6,8,57,5,46085
2019-09-23,27,27,12,18,18,6,18,20,7,176,1013,11,0.0,0.0,10.2,8,54,5,46085
2019-09-24,26,26,16,20,20,6,20,22,9,296,1006,14,0.0,0.0,10.2,7,43,5,46085
2019-09-25,21,21,12,17,17,6,17,17,10,305,1012,15,0.0,0.0,11.6,5,46,5,46085
2019-09-26,24,24,10,16,16,6,17,18,11,196,1008,17,0.0,0.0,11.6,7,54,5,46085
2019-09-27,19,19,12,16,16,6,16,17,8,331,1007,13,0.0,0.0,8.8,7,56,4,46085
2019-09-28,16,16,7,11,11,6,12,12,11,106,1018,15,0.0,0.0,10.2,4,60,4,46085
2019-09-29,23,23,14,17,17,6,18,19,17,137,1008,25,1.3,0.0,7.4,16,82,4,46085
2019-09-30,24,24,18,22,23,6,23,22,15,282,1004,23,0.3,0.0,10.2,16,69,5,46085
2019-10-01,13,13,8,10,10,6,12,12,12,37,1017,16,0.1,0.0,5.9,7,72,3,46085
2019-10-02,6,6,3,3,3,5,6,6,8,57,1020,11,2.5,0.0,5.9,3,82,2,46085
2019-10-03,13,13,2,6,6,6,8,9,7,314,1026,11,0.0,0.0,11.6,1,72,3,46085
2019-10-04,15,15,3,6,6,6,9,11,16,150,1021,22,0.0,0.0,10.2,4,72,3,46085
2019-10-05,18,18,11,11,11,5,13,15,19,292,1010,26,6.0,0.0,10.2,4,59,3,46085
2019-10-06,18,18,9,11,11,6,13,14,13,291,1019,21,0.0,0.0,11.6,0,43,4,46085
2019-10-07,22,22,7,14,14,6,15,15,7,175,1018,11,0.0,0.0,11.6,-1,40,5,46085
2019-10-08,26,26,11,17,17,6,18,19,13,181,1006,22,0.0,0.0,11.6,3,39,5,46085
2019-10-09,22,22,10,16,16,6,17,18,14,249,1005,21,0.1,0.0,11.6,7,58,5,46085
2019-10-10,2,2,-1,-4,-4,2,2,1,19,325,1018,26,5.8,0.9,5.8,0,88,1,46085
2019-10-11,-1,-1,-3,-10,-10,2,-2,-2,21,294,1020,32,4.0,0.0,7.2,-4,87,1,46085
2019-10-12,3,3,-3,-6,-6,5,0,1,18,290,1013,29,0.0,0.0,7.2,-3,79,1,46085
2019-10-13,5,5,-3,-4,-4,6,1,1,10,297,1015,16,0.0,0.0,11.1,-3,80,2,46085
2019-10-14,19,19,-1,6,6,6,9,9,9,145,1012,14,0.0,0.0,8.6,1,72,2,46085
2019-10-15,8,8,3,2,2,6,6,7,17,317,1019,24,0.0,0.0,7.0,0,68,2,46085
2019-10-16,14,14,1,5,5,6,7,8,7,159,1019,11,0.0,0.0,11.0,0,65,3,46085
2019-10-17,21,21,7,13,13,6,14,15,10,137,1006,17,0.0,0.0,11.0,2,48,4,46085
2019-10-18,19,19,11,14,14,6,14,16,13,259,998,20,0.0,0.0,10.9,5,52,5,46085
2019-10-19,18,18,7,11,11,6,13,13,8,276,1007,13,0.0,0.0,10.9,-2,41,4,46085
2019-10-20,14,14,6,7,7,5,9,11,10,123,1000,16,2.7,0.0,8.4,2,60,3,46085
2019-10-21,7,7,5,1,1,5,6,6,18,326,1003,27,1.7,0.0,5.2,2,80,2,46085
2019-10-22,0,0,5,5,5,6,9,0,2,0,1009,3,0.0,0.0,10.4,0,57,2,46085
2019-10-23,6,6,1,2,2,5,5,5,9,122,1015,13,1.3,0.0,6.8,1,77,1,46085
2019-10-24,7,7,-1,0,0,6,3,4,6,280,1029,10,0.1,0.0,6.8,-2,74,1,46085
2019-10-25,16,16,1,6,6,6,8,9,8,217,1020,14,0.0,0.0,10.3,-4,47,3,46085
2019-10-26,15,15,7,10,10,6,12,12,13,287,1007,19,0.0,0.0,10.3,0,50,3,46085
2019-10-27,2,2,-3,-5,-5,4,0,1,15,321,1022,20,2.5,0.4,6.8,-6,64,1,46085
2019-10-28,3,3,-6,-6,-6,6,-2,-1,7,259,1022,11,0.0,0.0,10.3,-9,62,2,46085
2019-10-29,-1,-1,-7,-9,-9,5,-4,-3,9,316,1029,14,0.1,0.1,10.0,-10,62,2,46085
2019-10-30,-1,-1,-8,-11,-11,6,-5,-4,9,287,1031,15,0.0,0.0,10.2,-11,65,2,46085
2019-10-31,5,5,-8,-6,-6,6,-2,-1,7,244,1021,13,0.0,0.0,10.0,-9,64,2,46085
2019-11-01,5,5,1,-2,-2,5,2,4,14,301,1023,21,0.3,0.0,5.1,-2,75,1,46085
2019-11-02,9,9,-2,-1,-1,6,3,4,8,263,1023,13,0.0,0.0,10.0,-4,64,1,46085
2019-11-03,6,6,-3,0,0,5,3,4,7,266,1015,12,6.0,0.0,5.0,1,83,1,46085
2019-11-04,5,5,-2,-2,-2,5,2,3,10,310,1021,14,0.1,0.0,10.1,-2,76,1,46085
2019-11-05,6,6,-4,-3,-3,6,0,1,8,124,1024,12,0.0,0.0,5.0,-5,69,1,46085
2019-11-06,-1,-1,-8,-7,-7,5,-2,-1,9,13,1033,13,0.2,0.0,8.3,-8,69,1,46085
2019-11-07,3,3,-12,-8,-8,6,-5,-4,5,217,1035,8,0.0,0.0,10.0,-10,73,2,46085
2019-11-08,8,8,-5,-2,-2,6,2,3,7,243,1021,13,0.0,0.0,10.0,-3,71,2,46085
2019-11-09,13,13,2,5,5,6,6,8,6,274,1014,11,0.0,0.0,9.9,2,75,3,46085
2019-11-10,0,0,-8,-8,-8,3,-2,-2,11,45,1026,15,3.4,2.7,5.0,-4,86,1,46085
2019-11-11,-8,-8,-14,-17,-17,5,-10,-10,11,315,1042,15,0.3,0.3,9.9,-15,72,2,46085
2019-11-12,6,6,-14,-10,-10,6,-5,-4,9,172,1024,16,0.0,0.0,9.9,-9,77,2,46085
2019-11-13,2,2,-4,-5,-5,6,-1,1,9,317,1016,14,1.3,0.0,6.6,-3,85,1,46085
2019-11-14,7,7,-5,-3,-3,6,-1,1,5,264,1026,10,0.0,0.0,9.8,-2,86,2,46085
2019-11-15,11,11,1,3,3,6,6,6,7,136,1020,12,0.0,0.0,9.8,1,75,3,46085
2019-11-16,11,11,4,4,4,6,7,7,8,280,1014,14,0.1,0.0,6.6,2,72,2,46085
2019-11-17,8,8,1,2,2,6,5,5,8,291,1016,13,0.0,0.0,9.8,1,75,2,46085
2019-11-18,14,14,7,7,7,5,10,12,12,308,1007,19,0.6,0.0,9.7,4,71,4,46085
2019-11-19,11,11,4,4,4,6,6,7,6,137,1011,12,0.0,0.0,9.7,0,67,3,46085
2019-11-20,11,11,5,3,3,6,7,8,12,218,1009,19,0.0,0.0,8.2,1,66,2,46085
2019-11-21,2,2,-4,-6,-6,4,-1,0,13,326,1023,18,0.7,0.1,9.7,-7,63,2,46085
2019-11-22,7,7,-5,-3,-3,6,0,1,9,201,1022,15,0.0,0.0,9.7,-10,52,2,46085
2019-11-23,10,10,0,0,0,6,4,5,11,301,1012,19,0.0,0.0,9.6,-3,63,3,46085
2019-11-24,15,15,3,6,6,6,9,10,11,279,1005,20,0.0,0.0,9.6,-1,54,3,46085
2019-11-25,6,6,2,2,2,6,5,5,12,296,1006,18,0.0,0.0,9.6,-3,57,3,46085
2019-11-26,1,1,-1,-4,-4,6,0,0,9,22,1011,13,0.0,0.0,4.8,-5,67,1,46085
2019-11-27,1,1,-5,-6,-6,6,-3,1,6,358,1029,10,0.0,0.0,9.6,-8,68,2,46085
2019-11-28,-2,-2,-7,-11,-11,4,-5,-4,13,133,1030,18,1.1,0.7,4.8,-6,87,1,46085
2019-11-29,1,1,-7,-7,-7,4,-2,-1,13,120,1019,19,3.8,3.0,4.8,-2,94,1,46085
2019-11-30,2,2,-3,-5,-5,0,1,2,16,40,998,25,24.9,8.5,4.8,0,98,1,46085
2019-12-01,-5,-5,-10,-13,-13,3,-6,-5,15,323,1019,23,6.0,0.0,8.2,-7,90,1,46085
2019-12-02,0,0,-11,-8,-8,6,-5,-4,6,210,1018,11,0.0,0.0,9.5,-8,85,2,46085
2019-12-03,2,2,-3,-5,-5,6,0,0,10,281,1013,19,0.0,0.0,9.5,-2,86,2,46085
2019-12-04,2,2,-5,-3,-3,4,0,1,7,269,1013,14,0.0,0.0,9.5,-1,89,1,46085
2019-12-05,1,1,-2,-4,-4,6,-1,0,8,314,1017,13,0.0,0.0,8.2,-3,87,1,46085
2019-12-06,1,1,-6,-7,-7,6,-3,-3,7,164,1028,12,0.0,0.0,9.4,-4,90,2,46085
2019-12-07,5,5,-2,-3,-3,6,1,2,8,188,1014,17,0.0,0.0,9.0,-1,87,1,46085
2019-12-08,1,1,-3,-4,-4,6,0,0,8,78,1009,14,0.0,0.0,5.2,-2,89,1,46085
2019-12-09,-11,-11,-16,-20,-20,4,-12,-14,12,294,1019,18,3.0,0.3,5.2,-14,90,1,46085
2019-12-10,-14,-14,-20,-22,-22,5,-15,-17,8,256,1028,13,0.0,0.0,8.7,-16,89,1,46085
2019-12-11,-11,-11,-17,-18,-18,4,-13,-14,9,123,1027,15,0.3,0.2,5.1,-13,93,1,46085
2019-12-12,-8,-8,-12,-15,-15,4,-10,-10,6,141,1019,12,0.1,0.0,3.4,-10,94,1,46085
2019-12-13,-1,-1,-10,-10,-10,4,-6,-5,7,290,1014,13,0.0,0.0,5.1,-8,92,1,46085
2019-12-14,-15,-15,-19,-23,-23,6,-17,-17,5,235,1023,9,0.0,0.0,3.4,-18,92,1,46085
2019-12-15,0,0,-15,-15,-15,1,-12,0,4,0,1020,8,0.0,0.0,3.4,-9,95,2,46085
2019-12-16,-6,-6,-11,-13,-13,5,-9,-9,5,261,1024,10,0.0,0.0,8.7,-10,92,2,46085
2019-12-17,-4,-4,-11,-13,-13,6,-8,-7,7,277,1025,14,0.0,0.0,8.7,-10,86,2,46085
2019-12-18,0,0,-11,-9,-9,5,-5,-4,6,238,1020,12,0.0,0.0,8.7,-8,83,2,46085
2019-12-19,1,1,-6,-7,-7,6,-3,-3,6,136,1017,12,0.0,0.0,5.1,-7,76,1,46085
2019-12-20,0,0,-9,-8,-8,6,-5,-5,6,246,1023,12,0.0,0.0,8.7,-7,85,2,46085
2019-12-21,2,2,-2,-3,-3,6,0,0,5,206,1020,10,0.0,0.0,8.7,-3,80,1,46085
2019-12-22,4,4,-1,-2,-2,6,1,1,5,195,1015,11,0.0,0.0,8.7,-3,76,2,46085
2019-12-23,0,0,-3,-5,-5,6,-1,-2,6,111,1015,11,0.0,0.0,6.9,-4,84,1,46085
2019-12-24,0,0,-4,-3,-3,6,-1,-1,3,226,1011,7,0.0,0.0,6.9,-3,86,1,46085
2019-12-25,-2,-2,-7,-9,-9,3,-5,-5,5,233,1011,9,0.2,0.1,3.4,-6,95,1,46085
2019-12-26,-2,-2,-8,-11,-11,5,-6,-5,8,285,1020,15,0.0,0.0,3.4,-7,91,1,46085
2019-12-27,1,1,-8,-7,-7,5,-3,-3,6,161,1021,13,0.3,0.0,6.9,-5,89,2,46085
2019-12-28,1,1,-7,-4,-4,1,-1,0,8,34,1012,14,14.0,7.1,3.4,0,98,1,46085
2019-12-29,-5,-5,-10,-13,-13,0,-5,-5,22,323,1006,32,17.1,0.9,3.4,-6,94,1,46085
2019-12-30,-4,-4,-10,-13,-13,2,-6,-5,20,316,1014,31,4.5,0.0,5.1,-7,87,1,46085
2019-12-31,-5,-5,-12,-13,-13,6,-8,-9,8,243,1016,15,0.0,0.0,8.7,-10,86,2,46085
2020-01-01,2,2,-7,-6,-6,6,-2,-1,7,239,998,15,0.0,0.0,8.7,-4,86,2,46085
2020-01-02,1,1,-7,-4,-4,4,0,0,7,298,1003,13,0.0,0.0,6.9,-1,94,1,46085
2020-01-03,-2,-2,-8,-8,-8,4,-3,-3,11,305,1016,19,0.2,0.0,8.7,-5,87,1,46085
2020-01-04,2,2,-9,-6,-6,6,-2,-2,6,194,1017,13,0.0,0.0,8.7,-4,88,2,46085
2020-01-05,1,1,-5,-5,-5,6,0,0,14,295,1022,27,0.0,0.0,6.9,-4,77,2,46085
2020-01-06,1,1,-3,-6,-6,6,-2,-1,9,260,1021,17,0.0,0.0,6.9,-4,81,1,46085
2020-01-07,-2,-2,-9,-9,-9,6,-5,-4,6,212,1023,10,0.0,0.0,8.7,-8,86,1,46085
2020-01-08,-3,-3,-15,-16,-16,6,-10,-10,13,136,1019,22,0.0,0.0,5.2,-11,85,1,46085
2020-01-09,-2,-2,-10,-10,-10,6,-5,-4,8,305,1010,14,0.0,0.0,8.7,-6,91,2,46085
2020-01-10,-12,-12,-20,-21,-21,4,-14,-13,8,239,1031,12,2.3,1.4,5.2,-16,89,1,46085
2020-01-11,-16,-16,-22,-26,-26,6,-19,-19,9,123,1026,16,0.0,0.0,8.7,-21,84,2,46085
2020-01-12,-7,-7,-15,-17,-17,4,-12,-11,7,111,1019,14,0.0,0.0,6.9,-13,92,1,46085
2020-01-13,0,0,-10,-9,-9,5,-5,-3,7,165,1015,15,0.0,0.0,3.4,-7,87,1,46085
2020-01-14,-12,-12,-16,-19,-19,6,-13,-14,9,189,1022,15,0.0,0.0,6.9,-14,90,2,46085
2020-01-15,-18,-18,-22,-26,-26,5,-18,-19,9,309,1034,14,0.4,0.3,8.7,-19,92,2,46085
2020-01-16,-14,-14,-24,-26,-26,6,-20,-20,11,128,1041,18,0.0,0.0,8.7,-20,87,2,46085
2020-01-17,0,0,-9,-10,-10,4,-4,-3,14,152,1016,23,9.4,5.1,3.4,-5,90,1,46085
2020-01-18,-13,-13,-17,-24,-24,4,-14,-14,18,305,1029,29,2.4,1.3,8.7,-16,83,2,46085
2020-01-19,-18,-18,-24,-29,-29,5,-21,-21,7,304,1042,13,0.0,0.0,8.7,-22,89,2,46085
2020-01-20,-17,-17,-25,-26,-26,6,-21,-21,5,135,1042,9,0.0,0.0,8.7,-22,91,2,46085
2020-01-21,2,2,-14,-10,-10,6,-4,-2,12,177,1020,23,0.0,0.0,7.0,-6,84,1,46085
2020-01-22,1,1,-1,-2,-2,4,0,0,4,301,1010,9,0.6,0.0,3.5,-1,90,1,46085
2020-01-23,-1,-1,-11,-9,-9,1,-4,-3,10,331,1020,15,11.5,8.8,3.5,-4,96,1,46085
2020-01-24,-8,-8,-14,-15,-15,4,-12,-11,3,198,1023,7,0.0,0.0,8.7,-12,94,1,46085
2020-01-25,-2,-2,-13,-11,-11,6,-8,-8,3,204,1018,7,0.0,0.0,5.2,-9,89,1,46085
2020-01-26,2,2,-5,-6,-6,6,-2,-1,7,278,1016,13,0.0,0.0,7.0,-4,88,2,46085
2020-01-27,-4,-4,-11,-9,-9,2,-7,-8,3,259,1022,6,0.0,0.0,3.5,-8,95,1,46085
2020-01-28,0,0,-10,-7,-7,3,-5,-4,3,154,1021,5,0.6,0.5,3.5,-6,95,1,46085
2020-01-29,-1,-1,-7,-4,-4,1,-2,-2,4,158,1021,6,0.0,0.0,4.7,-2,95,1,46085
2020-01-30,1,1,-7,-4,-4,3,-2,-3,4,215,1016,7,0.7,0.3,9.9,-3,94,1,46085
2020-01-31,-2,-2,-6,-7,-7,4,-3,-4,7,278,1019,13,1.9,1.8,9.9,-4,90,2,46085
2020-02-01,4,4,-3,-3,-3,6,1,2,9,252,1012,18,0.0,0.0,9.9,-1,87,1,46085
2020-02-02,4,4,-2,-1,-1,6,2,3,8,285,1009,18,0.0,0.0,9.9,-1,80,2,46085
2020-02-03,-5,-5,-9,-11,-11,6,-5,-5,10,24,1018,16,0.0,0.0,10.0,-8,85,2,46085
2020-02-04,-8,-8,-14,-13,-13,5,-10,-10,5,47,1028,8,0.1,0.0,5.0,-12,84,1,46085
2020-02-05,-2,-2,-9,-12,-12,6,-7,-5,8,173,1017,15,0.0,0.0,10.0,-10,79,2,46085
2020-02-06,0,0,-9,-10,-10,5,-5,-4,7,257,1005,13,0.4,0.3,5.0,-8,84,1,46085
2020-02-07,-12,-12,-17,-20,-20,4,-14,-15,6,333,1018,9,0.0,0.0,5.0,-15,92,1,46085
2020-02-08,0,0,-16,-11,-11,5,-7,-6,9,151,1014,15,0.0,0.0,8.3,-8,88,1,46085
2020-02-09,-5,-5,-12,-12,-12,3,-6,-6,10,323,1021,16,7.6,6.1,6.9,-7,93,1,46085
2020-02-10,0,0,-7,-9,-9,6,-4,-3,9,282,1021,18,0.0,0.0,10.6,-6,83,2,46085
2020-02-11,1,1,-10,-10,-10,6,-5,-5,8,216,1021,16,0.0,0.0,10.6,-8,82,2,46085
2020-02-12,-1,-1,-23,-16,-16,4,-9,-8,12,343,1020,18,1.8,0.9,5.3,-12,84,1,46085
2020-02-13,-19,-19,-28,-29,-29,6,-23,-23,4,230,1036,9,0.0,0.0,10.6,-26,84,2,46085
2020-02-14,3,3,-19,-13,-13,6,-6,-4,13,172,1016,24,0.0,0.0,10.7,-9,79,2,46085
2020-02-15,1,1,-5,-5,-5,5,-1,-2,7,257,1016,14,0.0,0.0,10.7,-4,85,1,46085
2020-02-16,1,1,-6,-6,-6,6,-3,-2,6,143,1015,11,0.0,0.0,10.7,-5,83,2,46085
2020-02-17,-1,-1,-5,-8,-8,6,-3,-3,8,327,1016,13,0.0,0.0,5.4,-5,90,1,46085
2020-02-18,-9,-9,-16,-15,-15,5,-10,-9,6,36,1032,10,0.6,0.3,6.9,-11,89,1,46085
2020-02-19,-14,-14,-20,-22,-22,6,-17,-16,4,20,1044,6,0.0,0.0,10.8,-19,83,2,46085
2020-02-20,-1,-1,-20,-15,-15,6,-10,-8,6,175,1040,12,0.0,0.0,10.9,-13,81,2,46085
2020-02-21,2,2,-5,-6,-6,6,-2,-1,7,264,1024,15,0.0,0.0,10.9,-6,73,2,46085
2020-02-22,5,5,-2,-2,-2,6,1,1,6,280,1016,12,0.0,0.0,10.9,-4,68,2,46085
2020-02-23,3,3,-3,-3,-3,6,0,1,6,321,1017,11,0.0,0.0,10.9,-3,77,2,46085
2020-02-24,0,0,-5,-7,-7,5,-2,-2,10,113,1015,15,0.3,0.0,7.0,-5,82,1,46085
2020-02-25,-2,-2,-5,-10,-10,4,-3,-3,14,127,1029,18,0.9,0.5,5.5,-6,84,1,46085
2020-02-26,-2,-2,-10,-9,-9,6,-6,-6,4,242,1032,6,0.0,0.0,10.1,-9,81,1,46085
2020-02-27,1,1,-6,-6,-6,5,-3,-2,6,316,1022,10,0.2,0.0,7.0,-4,89,1,46085
2020-02-28,3,3,-2,-4,-4,5,0,0,6,306,1022,11,0.4,0.3,11.1,-2,87,2,46085
2020-02-29,9,9,-1,0,0,6,3,4,7,180,1010,14,0.0,0.0,8.6,0,79,1,46085
2020-03-01,5,5,-1,-2,-2,6,2,3,10,304,1011,17,0.0,0.0,10.1,-2,78,1,46085
2020-03-02,8,8,-3,-2,-2,6,1,3,8,225,1010,14,0.0,0.0,8.6,-3,74,1,46085
2020-03-03,8,8,1,-1,-1,6,3,4,12,278,1007,20,2.9,0.0,8.6,0,78,1,46085
2020-03-04,14,14,0,4,4,5,6,7,10,224,1012,16,0.8,0.0,11.2,1,70,3,46085
2020-03-05,6,6,0,-1,-1,6,4,4,16,319,1024,24,4.3,0.0,11.3,-2,66,2,46085
2020-03-06,12,12,-1,1,1,6,5,6,13,165,1026,20,0.0,0.0,11.3,-2,62,3,46085
2020-03-07,21,21,5,10,10,6,11,13,11,178,1011,19,0.0,0.0,11.3,3,58,4,46085
2020-03-08,20,20,9,13,13,6,15,15,11,244,1007,17,0.0,0.0,10.1,4,61,4,46085
2020-03-09,6,6,-2,-2,-2,6,2,1,9,242,1021,11,0.0,0.0,11.4,-5,65,2,46085
2020-03-10,7,7,-2,0,0,6,2,3,6,166,1022,8,0.0,0.0,11.4,-5,59,1,46085
2020-03-11,16,16,1,5,5,6,7,9,8,241,1011,13,0.0,0.0,11.6,-2,55,3,46085
2020-03-12,7,7,2,2,2,6,6,6,14,322,1011,20,0.2,0.0,8.8,-2,60,2,46085
2020-03-13,6,6,-1,-1,-1,5,2,3,7,134,1027,11,0.2,0.0,10.2,-6,53,2,46085
2020-03-14,1,1,-3,-7,-7,2,-1,-1,14,103,1033,18,9.4,8.0,6.0,-2,91,1,46085
2020-03-15,4,4,-3,-5,-5,5,0,1,13,158,1032,18,0.2,0.1,6.0,-2,84,1,46085
2020-03-16,3,3,0,-3,-3,4,1,2,8,337,1025,12,0.6,0.3,7.4,-1,84,1,46085
2020-03-17,9,9,-2,0,0,6,3,4,9,156,1022,14,0.0,0.0,10.2,-2,70,2,46085
2020-03-18,14,14,1,5,5,6,7,8,7,115,1013,11,0.0,0.0,10.2,3,78,3,46085
2020-03-19,5,5,-6,-4,-4,3,2,2,15,18,1017,21,20.3,0.0,6.0,-1,83,1,46085
2020-03-20,-1,-1,-9,-11,-11,6,-5,-5,9,13,1038,12,0.0,0.0,10.2,-16,45,2,46085
2020-03-21,6,6,-7,-6,-6,6,-1,0,12,171,1027,18,0.0,0.0,11.6,-6,67,2,46085
2020-03-22,12,12,-1,2,2,6,5,6,7,130,1016,11,0.2,0.0,11.6,0,75,3,46085
2020-03-23,11,11,0,4,4,5,6,7,9,153,1017,12,0.2,0.0,11.6,1,74,3,46085
2020-03-24,19,19,6,10,10,6,12,13,10,235,1007,16,0.2,0.0,11.6,4,63,4,46085
2020-03-25,7,7,-5,1,1,5,4,5,9,33,1011,13,2.2,0.2,6.1,2,79,1,46085
2020-03-26,10,10,0,2,2,4,4,5,6,114,1011,8,0.7,0.2,6.3,1,78,1,46085
2020-03-27,9,9,3,4,4,6,6,7,6,95,1009,9,2.3,0.0,10.3,4,83,2,46085
2020-03-28,10,10,6,4,4,5,7,7,15,13,1006,21,14.6,0.0,9.0,3,76,2,46085
2020-03-29,15,15,2,6,6,6,9,10,8,336,1014,14,0.0,0.0,11.6,-1,54,3,46085
2020-03-30,16,16,4,7,7,6,9,11,11,161,1019,17,1.8,0.0,9.0,2,59,3,46085
2020-03-31,19,19,6,11,11,5,13,13,12,166,1011,17,8.6,0.0,11.6,7,72,4,46085
2020-04-01,21,21,8,13,13,6,15,16,10,220,1006,14,0.1,0.0,9.0,5,66,4,46085
2020-04-02,-2,-2,-6,-9,-9,2,-3,-3,17,329,1019,21,4.8,2.8,6.5,-5,82,1,46085
2020-04-03,4,4,-7,-8,-8,5,-3,-2,11,319,1027,15,0.7,0.1,11.6,-11,57,2,46085
2020-04-04,9,9,-7,-4,-4,6,0,1,12,157,1021,19,0.0,0.0,11.6,-6,62,2,46085
2020-04-05,16,16,0,5,5,6,8,9,13,162,1011,19,0.0,0.0,11.6,1,62,3,46085
2020-04-06,23,23,8,14,14,6,16,15,10,182,1004,15,0.0,0.0,11.6,8,66,5,46085
2020-04-07,21,21,10,15,15,6,15,16,7,295,1005,11,0.0,0.0,11.6,6,54,5,46085
2020-04-08,11,11,6,7,7,6,9,9,15,326,1014,20,1.1,0.0,9.1,-1,51,2,46085
2020-04-09,5,5,0,-2,-2,6,3,3,14,329,1022,20,0.0,0.0,11.6,-10,40,2,46085
2020-04-10,16,16,-2,5,5,6,7,8,7,188,1014,11,0.0,0.0,11.6,-5,44,3,46085
2020-04-11,8,8,1,2,2,4,5,6,12,37,1009,17,7.4,0.0,6.6,1,76,2,46085
2020-04-12,3,3,-2,-5,-5,3,0,0,15,231,1018,20,8.9,5.7,9.1,-6,67,1,46085
2020-04-13,2,2,-4,-7,-7,3,-1,-1,15,298,1023,20,1.2,0.1,6.8,-11,52,1,46085
2020-04-14,3,3,-6,-6,-6,6,-1,-1,10,294,1022,14,0.0,0.0,11.6,-11,52,1,46085
2020-04-15,4,4,-6,-3,-3,5,-1,1,4,104,1021,5,0.4,0.3,9.2,-8,61,1,46085
2020-04-16,6,6,-5,-1,-1,4,0,1,5,288,1026,7,0.3,0.3,6.9,-5,74,1,46085
2020-04-17,9,9,-3,0,0,6,3,4,8,241,1018,12,0.0,0.0,11.6,-3,65,2,46085
2020-04-18,16,16,2,7,7,6,9,11,11,304,1007,16,0.3,0.0,9.2,2,61,3,46085
2020-04-19,8,8,0,3,3,5,6,6,6,195,1014,9,1.4,0.0,8.1,1,70,2,46085
2020-04-20,18,18,4,8,8,6,10,13,15,300,1009,22,0.0,0.0,10.4,3,64,3,46085
2020-04-21,22,22,5,13,13,6,14,15,5,250,1011,7,0.0,0.0,11.6,4,58,4,46085
2020-04-22,23,23,10,16,16,6,17,18,9,314,1005,13,0.0,0.0,10.4,5,48,4,46085
2020-04-23,20,20,5,12,12,5,13,15,9,316,1004,14,0.8,0.0,10.4,6,61,4,46085
2020-04-24,18,18,8,13,13,5,14,14,6,353,1012,9,0.0,0.0,11.6,4,59,3,46085
2020-04-25,18,18,7,11,11,6,13,13,11,314,1017,16,1.2,0.0,9.3,4,59,3,46085
2020-04-26,21,21,6,14,14,6,15,15,8,162,1015,12,0.3,0.0,11.6,5,57,5,46085
2020-04-27,24,24,10,17,17,6,17,18,6,106,1010,11,0.4,0.0,11.6,7,56,5,46085
2020-04-28,19,19,9,13,13,6,14,14,17,308,1009,25,0.4,0.0,9.3,5,58,3,46085
2020-04-29,18,18,7,11,11,6,13,13,13,230,1019,18,0.0,0.0,10.5,5,65,3,46085
2020-04-30,23,23,7,15,15,6,16,16,11,153,1012,17,0.0,0.0,11.6,7,62,5,46085
2020-05-01,26,26,16,20,20,6,21,22,16,305,1005,24,0.1,0.0,11.6,9,52,6,46085
2020-05-02,22,22,12,17,17,6,18,18,7,322,1015,11,0.0,0.0,11.6,3,40,5,46085
2020-05-03,23,23,11,17,17,6,18,18,8,181,1015,13,0.2,0.0,10.5,8,59,5,46085
2020-05-04,12,12,8,8,8,4,11,11,18,144,1012,27,64.8,0.0,7.1,9,87,3,46085
2020-05-05,18,18,5,10,10,6,12,13,11,323,1018,17,0.2,0.0,10.5,4,66,4,46085
2020-05-06,17,17,4,9,9,6,11,12,5,332,1024,9,0.1,0.0,11.6,4,67,4,46085
2020-05-07,8,8,1,4,4,4,7,8,10,113,1018,16,30.0,0.0,7.1,5,84,2,46085
2020-05-08,13,13,0,6,6,6,7,8,5,326,1027,9,5.2,0.0,11.6,-2,59,3,46085
2020-05-09,10,10,3,3,3,4,7,9,18,304,1021,25,1.3,0.0,7.2,1,66,2,46085
2020-05-10,10,10,-1,1,1,6,5,6,11,333,1030,15,0.0,0.0,11.6,-3,61,3,46085
2020-05-11,10,10,-1,4,4,6,5,6,4,56,1028,6,0.0,0.0,8.3,-2,62,2,46085
2020-05-12,10,10,4,3,3,6,6,7,11,138,1021,16,3.7,0.0,7.2,2,74,2,46085
2020-05-13,16,16,7,8,8,6,11,12,14,156,1008,21,1.8,0.0,8.3,7,77,3,46085
2020-05-14,20,20,11,15,15,6,16,17,10,322,1008,14,1.5,0.0,9.4,9,69,4,46085
2020-05-15,17,17,8,12,12,6,12,14,7,137,1014,10,1.0,0.0,9.4,7,72,3,46085
2020-05-16,14,14,6,10,10,6,12,13,5,185,1012,8,6.8,0.0,10.3,10,87,3,46085
2020-05-17,21,21,9,15,15,6,16,16,9,156,1014,14,0.0,0.0,12.4,11,81,4,46085
2020-05-18,20,20,7,12,12,4,14,14,8,118,1017,12,0.0,0.0,13.5,9,81,3,46085
2020-05-19,19,19,10,13,13,6,14,15,12,136,1015,18,0.0,0.0,13.5,11,84,4,46085
2020-05-20,22,22,11,15,15,6,17,18,16,151,1012,23,0.1,0.0,12.4,13,80,4,46085
2020-05-21,20,20,14,16,16,6,17,17,13,166,1009,20,3.1,0.0,10.4,14,87,4,46085
2020-05-22,25,25,14,19,19,5,20,21,10,156,1008,15,1.5,0.0,11.4,16,83,5,46085
2020-05-23,25,25,13,19,19,5,19,20,11,144,1007,16,0.1,0.0,13.5,15,78,6,46085
2020-05-24,24,24,16,19,19,4,20,20,10,297,1007,15,21.3,0.0,12.5,15,81,4,46085
2020-05-25,19,19,11,14,14,6,15,16,8,309,1015,11,0.2,0.0,14.5,10,74,5,46085
2020-05-26,22,22,11,16,16,6,18,17,4,323,1012,6,0.2,0.0,14.5,10,68,5,46085
2020-05-27,27,27,12,20,20,6,20,21,5,116,1013,8,0.0,0.0,14.5,11,59,6,46085
2020-05-28,22,22,14,18,18,6,19,19,11,332,1019,16,0.1,0.0,14.5,9,57,5,46085
2020-05-29,21,21,10,15,15,6,16,16,6,43,1022,9,0.0,0.0,14.5,7,63,5,46085
2020-05-30,17,17,13,14,14,6,14,14,10,107,1023,15,0.0,0.0,10.5,10,75,3,46085
2020-05-31,22,22,14,17,17,6,18,18,15,147,1016,21,0.0,0.0,12.4,14,75,4,46085
2020-06-01,34,34,19,27,28,6,28,28,7,274,1007,13,0.0,0.0,15.2,16,56,7,46085
2020-06-02,29,29,20,25,25,5,25,26,7,146,1009,10,0.2,0.0,15.6,16,62,6,46085
2020-06-03,27,27,17,21,23,6,23,23,6,144,1011,10,20.7,0.0,14.5,14,68,5,46085
2020-06-04,28,28,14,20,20,6,21,21,7,128,1007,11,0.7,0.0,13.6,15,77,5,46085
2020-06-05,26,26,15,21,21,6,21,22,9,71,1013,14,0.1,0.0,15.6,14,69,6,46085
2020-06-06,23,23,16,19,19,5,20,20,20,121,1008,33,12.4,0.0,11.7,17,77,5,46085
2020-06-07,32,32,22,27,29,6,29,28,20,182,999,33,3.0,0.0,15.6,18,57,6,46085
2020-06-08,28,28,23,24,26,5,26,25,11,317,999,18,39.9,0.0,15.5,16,64,7,46085
2020-06-09,13,13,8,12,12,4,13,13,15,346,1007,24,157.5,0.0,12.7,12,88,3,46085
2020-06-10,22,22,11,15,15,6,16,17,13,315,1013,20,0.0,0.0,15.7,9,65,5,46085
2020-06-11,26,26,13,19,19,6,19,21,8,299,1019,13,0.0,0.0,15.7,11,59,6,46085
2020-06-12,29,29,16,22,23,6,23,24,9,174,1021,14,0.0,0.0,15.7,15,65,6,46085
2020-06-13,30,30,18,23,25,6,25,25,13,145,1015,21,0.0,0.0,15.7,18,73,6,46085
2020-06-14,29,29,21,24,26,6,26,25,21,151,1007,33,0.7,0.0,15.7,17,65,7,46085
2020-06-15,31,31,22,26,28,5,28,27,14,202,1011,24,3.0,0.0,15.7,16,55,7,46085
2020-06-16,31,31,21,26,28,6,28,27,19,169,1009,30,0.0,0.0,15.7,17,56,7,46085
2020-06-17,32,32,22,27,30,5,30,27,16,170,1005,24,7.6,0.0,15.7,19,63,7,46085
2020-06-18,22,22,15,18,18,4,19,17,10,307,1013,18,35.9,0.0,14.6,14,77,4,46085
2020-06-19,23,23,14,19,19,6,20,20,6,320,1017,9,0.0,0.0,15.7,11,62,5,46085
2020-06-20,25,25,15,19,19,5,20,21,8,170,1011,13,7.2,0.0,11.8,14,71,5,46085
2020-06-21,23,23,16,19,19,5,20,20,6,191,1008,10,1.3,0.0,13.6,14,72,5,46085
2020-06-22,23,23,16,19,19,5,21,20,6,132,1012,10,12.9,0.0,13.6,15,78,4,46085
2020-06-23,23,23,13,18,18,6,19,20,6,336,1016,9,0.0,0.0,15.7,11,64,5,46085
2020-06-24,28,28,14,21,22,6,22,22,6,132,1011,11,0.0,0.0,15.7,13,66,6,46085
2020-06-25,32,32,17,25,26,5,26,26,10,159,1008,15,8.5,0.0,15.7,18,72,7,46085
2020-06-26,27,27,17,22,23,5,23,23,6,125,1011,9,16.2,0.0,15.7,17,73,6,46085
2020-06-27,30,30,18,24,25,6,25,25,10,162,1007,15,0.2,0.0,15.7,18,71,6,46085
2020-06-28,32,32,21,27,29,6,29,27,14,144,998,22,0.1,0.0,15.3,20,72,7,46085
2020-06-29,33,33,22,27,31,6,31,29,11,154,999,16,0.0,0.0,15.3,21,73,7,46085
2020-06-30,31,31,24,26,29,5,29,27,13,141,1001,19,10.2,0.0,9.5,22,81,6,46085
2020-07-01,32,32,17,24,25,5,25,25,6,228,1010,10,3.4,0.0,14.5,13,58,7,46085
2020-07-02,32,32,20,26,27,6,27,27,13,154,1013,20,0.4,0.0,14.5,19,68,7,46085
2020-07-03,32,32,21,27,30,5,30,28,10,147,1014,16,30.2,0.0,14.5,22,77,7,46085
2020-07-04,33,33,21,27,30,6,30,28,10,154,1014,16,0.0,0.0,14.5,21,72,7,46085
2020-07-05,34,34,22,27,30,6,30,28,12,172,1011,18,0.1,0.0,14.5,19,65,7,46085
2020-07-06,33,33,21,27,28,6,28,27,6,185,1011,11,1.4,0.0,12.5,18,64,6,46085
2020-07-07,35,35,18,26,28,5,28,27,15,154,1009,24,16.2,0.0,14.5,19,70,7,46085
2020-07-08,33,33,25,29,31,5,31,30,9,253,1004,16,8.0,0.0,14.5,18,56,7,46085
2020-07-09,30,30,19,24,25,6,25,25,5,39,1010,7,2.5,0.0,14.5,16,65,7,46085
2020-07-10,33,33,20,26,28,5,28,27,10,163,1012,16,18.3,0.0,11.5,18,67,6,46085
2020-07-11,28,28,18,23,24,5,24,24,10,316,1015,14,19.8,0.0,14.5,15,68,6,46085
2020-07-12,29,29,16,22,23,6,23,23,6,149,1013,9,0.0,0.0,14.5,15,66,6,46085
2020-07-13,34,34,20,27,28,6,28,28,12,260,1005,18,0.6,0.0,14.5,17,61,7,46085
2020-07-14,23,23,15,18,18,5,19,18,7,125,1014,11,6.5,0.0,13.5,13,71,4,46085
2020-07-15,28,28,15,22,22,6,22,23,6,187,1015,10,0.0,0.0,14.5,11,54,6,46085
2020-07-16,31,31,17,25,25,5,25,27,9,267,1012,15,3.7,0.0,12.5,15,59,6,46085
2020-07-17,36,36,20,27,29,5,29,28,13,163,1008,22,20.4,0.0,13.5,20,70,6,46085
2020-07-18,30,30,23,27,29,6,29,27,11,331,1006,16,0.0,0.0,14.5,18,61,7,46085
2020-07-19,29,29,19,23,24,6,24,25,4,254,1014,7,0.1,0.0,13.5,11,46,7,46085
2020-07-20,28,28,18,23,24,5,24,24,8,108,1013,13,32.6,0.0,9.4,16,67,5,46085
2020-07-21,27,27,17,22,22,4,22,22,5,14,1014,8,22.6,0.0,14.5,15,71,6,46085
2020-07-22,30,30,18,23,24,6,24,25,10,143,1014,15,0.3,0.0,13.5,16,63,6,46085
2020-07-23,35,35,20,27,29,6,29,28,16,159,1010,24,0.2,0.0,13.5,20,69,6,46085
2020-07-24,34,34,24,29,32,5,32,30,14,177,1009,23,18.0,0.0,14.5,20,61,8,46085
2020-07-25,34,34,23,29,31,5,31,29,7,121,1008,12,24.3,0.0,14.5,21,68,7,46085
2020-07-26,28,28,21,25,26,5,26,24,9,27,1014,15,10.2,0.0,12.4,18,69,5,46085
2020-07-27,30,30,18,24,24,6,24,25,5,189,1016,9,0.0,0.0,14.5,13,54,6,46085
2020-07-28,30,30,21,25,27,6,27,27,9,141,1011,16,0.1,0.0,14.5,15,53,7,46085
2020-07-29,28,28,19,23,24,6,24,24,7,71,1012,12,0.0,0.0,14.5,17,70,6,46085
2020-07-30,28,28,17,23,24,6,24,23,5,64,1017,8,0.0,0.0,14.5,15,68,5,46085
2020-07-31,33,33,17,24,25,6,25,26,5,230,1015,8,0.4,0.0,14.5,15,60,7,46085
2020-08-01,27,27,18,22,23,5,23,23,10,4,1016,14,4.0,0.0,14.5,14,66,6,46085
2020-08-02,25,25,14,20,20,6,21,21,7,16,1019,11,0.0,0.0,14.5,11,61,6,46085
2020-08-03,25,25,13,19,19,6,20,20,8,115,1020,12,0.0,0.0,14.5,12,66,5,46085
2020-08-04,25,25,15,20,20,5,21,21,12,154,1016,17,2.6,0.0,10.5,13,68,5,46085
2020-08-05,29,29,14,22,22,5,22,22,6,210,1012,9,3.5,0.0,10.5,15,70,6,46085
2020-08-06,31,31,17,24,25,6,25,25,7,114,1010,10,0.0,0.0,11.6,15,62,7,46085
2020-08-07,33,33,21,27,29,6,29,28,14,162,1006,21,0.0,0.0,11.6,19,65,7,46085
2020-08-08,34,34,21,28,30,6,30,28,8,73,1009,12,0.4,0.0,11.6,20,68,7,46085
2020-08-09,38,38,19,28,29,6,29,29,9,227,1009,13,2.6,0.0,11.6,15,56,7,46085
2020-08-10,29,29,17,23,23,6,23,24,5,231,1015,8,0.1,0.0,11.6,7,39,5,46085
2020-08-11,32,32,17,25,26,6,26,26,13,169,1011,20,0.3,0.0,11.6,15,56,7,46085
2020-08-12,35,35,20,28,29,6,29,28,14,170,1008,21,2.2,0.0,11.6,18,62,7,46085
2020-08-13,38,38,23,30,31,6,31,31,9,231,1008,15,0.0,0.0,11.6,15,46,7,46085
2020-08-14,28,28,22,25,26,6,26,25,16,315,1010,23,0.0,0.0,11.6,12,48,6,46085
2020-08-15,33,33,16,24,24,6,24,26,8,278,1016,12,0.0,0.0,11.6,7,38,6,46085
2020-08-16,34,34,18,26,26,6,26,28,8,333,1016,13,0.0,0.0,11.6,10,41,7,46085
2020-08-17,33,33,18,26,25,6,25,27,5,147,1020,7,0.0,0.0,11.6,10,43,7,46085
2020-08-18,35,35,19,27,28,6,28,29,11,163,1015,16,0.0,0.0,11.6,11,40,7,46085
2020-08-19,35,35,21,28,29,6,29,29,12,178,1011,18,0.0,0.0,11.6,13,43,7,46085
2020-08-20,39,39,22,30,30,6,30,31,8,246,1006,13,0.0,0.0,11.6,13,42,8,46085
2020-08-21,38,38,19,28,28,6,28,29,8,159,1005,12,0.0,0.0,11.6,15,52,7,46085
2020-08-22,36,36,21,28,29,6,29,29,6,36,1008,9,0.0,0.0,11.6,14,46,7,46085
2020-08-23,39,39,21,31,31,6,31,32,8,149,1010,13,0.0,0.0,11.6,13,40,8,46085
2020-08-24,42,42,25,33,34,6,34,36,11,241,1009,17,2.3,0.0,9.2,14,36,8,46085
2020-08-25,42,42,21,32,33,6,33,33,9,167,1007,13,0.2,0.0,11.6,13,41,8,46085
2020-08-26,40,40,24,32,32,6,32,33,11,246,1004,17,1.8,0.0,8.0,12,33,7,46085
2020-08-27,36,36,19,28,29,6,29,29,9,116,1007,14,1.0,0.0,11.6,15,52,7,46085
2020-08-28,31,31,19,25,26,6,26,26,10,322,1009,15,1.2,0.0,11.6,14,58,7,46085
2020-08-29,30,30,13,22,22,6,22,23,7,183,1013,11,0.0,0.0,11.6,5,37,6,46085
2020-08-30,37,37,18,27,27,6,27,28,20,218,1001,27,0.0,0.0,11.6,9,39,7,46085
2020-08-31,25,25,12,19,19,6,19,20,7,312,1011,10,0.9,0.0,10.3,2,36,4,46085
2020-09-01,29,29,14,22,22,6,22,24,11,244,1009,16,0.0,0.0,11.6,3,30,6,46085
2020-09-02,35,35,17,26,26,6,26,27,9,236,1007,14,0.0,0.0,11.6,5,29,7,46085
2020-09-03,26,26,15,21,21,6,22,21,12,309,1014,17,0.0,0.0,11.6,2,30,6,46085
2020-09-04,31,31,14,23,23,6,23,24,6,278,1018,9,0.0,0.0,11.6,2,29,6,46085
2020-09-05,35,35,15,26,25,6,25,27,10,140,1016,15,0.0,0.0,11.6,6,32,7,46085
2020-09-06,34,34,20,28,27,6,27,29,13,345,1008,19,0.0,0.0,11.6,6,29,7,46085
2020-09-07,14,14,4,10,10,4,12,12,12,44,1018,17,2.3,0.0,9.0,4,59,3,46085
2020-09-08,11,11,5,5,5,4,7,8,10,25,1029,13,3.8,0.0,7.7,0,62,2,46085
2020-09-09,16,16,4,10,10,6,10,11,3,152,1031,5,0.0,0.0,11.6,-4,42,4,46085
2020-09-10,21,21,2,11,11,6,12,13,7,167,1029,11,0.0,0.0,11.6,-1,49,4,46085
2020-09-11,13,13,5,8,8,3,10,11,8,133,1020,13,1.2,0.0,6.2,7,81,3,46085
2020-09-12,21,21,11,15,15,4,15,16,6,329,1013,8,0.9,0.0,7.5,10,75,4,46085
2020-09-13,34,34,13,23,24,6,24,25,9,248,1017,15,0.0,0.0,11.6,7,49,7,46085
2020-09-14,36,36,11,23,23,6,23,25,11,186,1019,17,0.0,0.0,11.6,5,43,7,46085
2020-09-15,37,37,19,27,27,6,27,28,9,226,1013,16,0.0,0.0,11.6,5,30,7,46085
2020-09-16,25,25,15,20,20,6,21,21,8,15,1021,13,0.0,0.0,11.6,4,38,6,46085
2020-09-17,27,27,9,17,17,6,18,18,11,141,1021,17,0.0,0.0,11.6,4,44,5,46085
2020-09-18,24,24,8,15,15,6,17,17,12,140,1023,19,0.0,0.0,11.6,4,47,5,46085
2020-09-19,35,35,14,23,23,6,23,24,16,166,1012,24,0.0,0.0,11.6,7,42,6,46085
2020-09-20,33,33,19,25,25,6,25,26,10,247,1010,17,0.2,0.0,8.8,6,34,6,46085
2020-09-21,32,32,15,23,23,6,23,24,6,59,1014,11,0.0,0.0,11.6,4,33,6,46085
2020-09-22,34,34,15,24,24,6,24,25,6,124,1013,11,0.0,0.0,11.6,6,36,7,46085
2020-09-23,34,34,18,27,27,6,27,27,6,268,1008,11,0.0,0.0,11.6,5,30,7,46085
2020-09-24,31,31,14,22,22,6,22,23,6,99,1008,11,0.0,0.0,11.6,7,43,6,46085
2020-09-25,29,29,20,23,23,6,23,24,13,317,1005,20,0.0,0.0,11.6,1,25,6,46085
2020-09-26,29,29,15,21,21,6,21,23,13,264,1002,19,0.0,0.0,11.6,1,29,6,46085
2020-09-27,20,20,11,14,14,6,15,16,16,305,1012,23,0.1,0.0,8.8,0,37,4,46085
2020-09-28,14,14,8,9,9,6,12,12,14,329,1019,20,0.0,0.0,11.6,2,51,3,46085
2020-09-29,27,27,7,16,16,6,17,20,11,303,1012,17,0.0,0.0,11.6,2,40,5,46085
2020-09-30,19,19,11,15,15,6,15,16,16,318,1016,23,0.0,0.0,11.6,-1,35,5,46085
2020-10-01,13,13,5,6,6,6,8,9,11,330,1027,16,0.0,0.0,11.6,-1,53,3,46085
2020-10-02,17,17,3,9,9,6,10,11,6,159,1021,9,0.0,0.0,11.6,-2,49,4,46085
2020-10-03,16,16,3,8,8,6,9,11,6,248,1020,9,0.0,0.0,11.6,2,65,4,46085
2020-10-04,22,22,4,11,11,6,12,13,9,152,1019,15,0.0,0.0,11.6,3,60,4,46085
2020-10-05,27,27,12,19,19,6,19,21,11,316,1009,18,0.0,0.0,11.6,3,38,6,46085
2020-10-06,30,30,12,20,21,6,21,22,9,277,1011,13,0.0,0.0,11.6,4,38,6,46085
2020-10-07,25,25,12,19,19,6,20,20,7,25,1016,12,0.0,0.0,11.6,2,36,6,46085
2020-10-08,28,28,9,17,17,6,17,19,12,151,1013,19,0.0,0.0,11.6,2,37,5,46085
2020-10-09,31,31,15,24,24,6,24,24,8,308,1005,14,0.0,0.0,11.6,1,27,6,46085
2020-10-10,26,26,10,17,17,6,17,18,10,134,1011,16,0.0,0.0,11.5,5,46,5,46085
2020-10-11,27,27,12,18,18,6,19,21,15,234,1001,23,0.0,0.0,8.7,5,44,5,46085
2020-10-12,22,22,7,13,13,6,14,15,10,248,1009,16,0.0,0.0,11.5,-4,30,5,46085
2020-10-13,18,18,9,12,12,6,14,14,11,292,1014,17,0.0,0.0,7.2,0,41,3,46085
2020-10-14,18,18,8,14,14,5,15,16,20,296,1006,28,0.2,0.0,8.7,0,40,5,46085
2020-10-15,12,12,1,3,3,5,6,8,11,299,1022,18,0.2,0.0,8.7,-8,38,3,46085
2020-10-16,14,14,3,5,5,6,8,9,11,270,1019,17,0.0,0.0,7.2,-7,36,2,46085
2020-10-17,9,9,4,4,4,6,7,8,12,348,1012,17,0.0,0.0,5.6,-3,48,2,46085
2020-10-18,6,6,-4,-2,-2,5,1,1,8,307,1026,11,0.1,0.0,8.7,-15,30,2,46085
2020-10-19,6,6,-1,-2,-2,5,2,3,9,125,1022,12,0.4,0.1,3.9,-3,72,1,46085
2020-10-20,13,13,2,4,4,6,7,8,12,237,1016,18,1.5,0.0,7.1,0,66,2,46085
2020-10-21,3,3,-3,-2,-2,4,1,1,8,95,1020,13,11.5,6.5,3.9,-1,87,1,46085
2020-10-22,0,0,-2,-6,-6,3,0,0,13,23,1022,18,2.6,1.3,3.9,-2,86,1,46085
2020-10-23,-3,-3,-8,-10,-10,5,-5,-4,10,325,1034,14,0.2,0.3,7.1,-7,83,1,46085
2020-10-24,-4,-4,-9,-12,-12,3,-6,-6,10,95,1028,15,2.7,1.3,3.9,-8,86,1,46085
2020-10-25,-6,-6,-11,-13,-13,3,-7,-6,10,226,1035,14,9.2,8.2,3.9,-8,93,1,46085
2020-10-26,-8,-8,-18,-19,-19,5,-13,-13,6,247,1036,12,0.0,0.0,8.7,-15,90,2,46085
2020-10-27,1,1,-15,-12,-12,6,-7,-7,7,219,1024,14,0.0,0.0,8.7,-9,84,2,46085
2020-10-28,4,4,-1,-2,-2,5,1,2,8,300,1019,13,0.0,0.0,8.7,0,91,1,46085
2020-10-29,6,6,1,0,0,4,2,3,6,150,1021,9,0.0,0.0,3.8,1,90,1,46085
2020-10-30,11,11,2,4,4,5,6,7,10,112,1019,16,0.0,0.0,5.4,4,84,2,46085
2020-10-31,13,13,7,9,9,6,12,11,18,302,1014,28,0.0,0.0,8.7,-1,48,4,46085
2020-11-01,11,11,1,2,2,6,5,6,7,212,1031,13,0.0,0.0,8.7,-7,44,3,46085
2020-11-02,20,20,5,10,10,6,11,13,5,268,1022,9,0.0,0.0,8.7,-1,47,4,46085
2020-11-03,23,23,10,15,15,6,17,16,6,269,1012,10,0.0,0.0,8.7,0,39,5,46085
2020-11-04,23,23,10,16,16,6,17,17,4,274,1014,8,0.0,0.0,8.7,1,39,5,46085
2020-11-05,24,24,11,17,17,6,18,17,7,221,1019,12,0.0,0.0,8.7,4,47,5,46085
2020-11-06,26,26,14,19,19,6,20,21,12,201,1008,21,0.0,0.0,8.7,0,29,6,46085
2020-11-07,25,25,15,19,19,6,20,20,13,184,1002,23,0.0,0.0,7.0,4,38,4,46085
2020-11-08,22,22,11,17,17,6,17,18,20,197,1000,29,0.8,0.0,8.7,6,48,4,46085
2020-11-09,2,2,-1,-3,-3,4,2,0,12,325,1013,16,4.1,2.5,3.7,-5,64,1,46085
2020-11-10,3,3,-3,-3,-3,4,-1,0,4,331,1013,6,1.0,0.9,3.7,-9,57,1,46085
2020-11-11,10,10,-3,0,0,6,4,5,8,246,1013,15,0.0,0.0,8.7,-5,61,2,46085
2020-11-12,1,1,-4,-7,-7,5,-3,-2,8,310,1022,12,0.2,0.1,7.0,-8,67,1,46085
2020-11-13,12,12,-4,-1,-1,6,3,4,10,200,1013,18,0.0,0.0,8.7,-6,58,2,46085
2020-11-14,10,10,5,3,3,6,6,8,15,302,999,24,0.0,0.0,8.7,-4,48,2,46085
2020-11-15,8,8,1,-1,-1,6,4,4,16,299,1013,23,0.0,0.0,8.7,-7,48,2,46085
2020-11-16,12,12,2,4,4,6,7,9,14,293,1020,23,0.0,0.0,8.7,-5,45,3,46085
2020-11-17,13,13,0,1,1,6,5,6,11,138,1025,18,0.0,0.0,8.7,-2,66,3,46085
2020-11-18,25,25,7,14,14,6,16,17,10,229,1007,19,0.0,0.0,8.7,0,40,5,46085
2020-11-19,17,17,9,12,12,6,13,13,7,261,1009,13,0.0,0.0,8.7,1,45,4,46085
2020-11-20,9,9,3,4,4,6,6,7,6,319,1029,10,0.0,0.0,8.7,-2,58,3,46085
2020-11-21,10,10,-1,1,1,6,4,5,9,162,1030,16,0.0,0.0,8.7,-4,58,2,46085
2020-11-22,7,7,2,0,0,6,4,4,10,268,1026,16,0.0,0.0,8.7,-5,53,2,46085
2020-11-23,9,9,0,0,0,6,4,6,17,141,1015,25,0.0,0.0,8.7,-5,51,2,46085
2020-11-24,6,6,1,1,1,4,5,5,13,267,1007,18,19.3,0.2,3.6,0,72,1,46085
2020-11-25,6,6,-5,-3,-3,6,0,1,6,232,1013,11,0.0,0.0,8.7,-9,55,2,46085
2020-11-26,7,7,2,0,0,6,4,4,10,271,1013,17,0.0,0.0,8.7,-4,59,2,46085
2020-11-27,9,9,-2,0,0,6,3,3,7,253,1022,13,0.0,0.0,8.7,-8,47,2,46085
2020-11-28,15,15,2,6,6,6,8,9,7,258,1016,13,0.0,0.0,8.7,-9,32,3,46085
2020-11-29,2,2,-2,-3,-3,6,2,1,14,326,1028,20,0.0,0.0,8.7,-10,43,1,46085
2020-11-30,8,8,-5,-2,-2,6,1,2,8,181,1022,14,0.0,0.0,8.7,-13,38,2,46085
2020-12-01,6,6,-3,-3,-3,6,1,2,12,246,1015,19,0.0,0.0,8.7,-9,49,1,46085
2020-12-02,1,1,-4,-6,-6,6,-2,-2,9,340,1030,14,0.0,0.0,5.3,-7,65,1,46085
2020-12-03,6,6,-4,-4,-4,6,0,1,8,282,1026,14,0.0,0.0,8.7,-8,59,2,46085
2020-12-04,10,10,0,2,2,6,5,6,8,294,1019,15,0.0,0.0,8.7,-8,44,3,46085
2020-12-05,8,8,0,0,0,6,3,4,9,303,1025,16,0.0,0.0,8.7,-4,60,2,46085
2020-12-06,12,12,1,4,4,6,6,7,5,273,1019,9,0.0,0.0,8.7,-4,54,3,46085
2020-12-07,11,11,2,2,2,6,5,6,9,287,1019,16,0.0,0.0,8.7,-6,43,3,46085
2020-12-08,13,13,4,5,5,6,8,8,9,275,1016,15,0.0,0.0,8.7,-7,36,3,46085
2020-12-09,15,15,8,9,9,6,11,11,9,276,1013,16,0.0,0.0,8.7,-4,40,4,46085
2020-12-10,6,6,3,2,2,6,6,5,13,291,1014,21,0.0,0.0,6.9,-2,60,2,46085
2020-12-11,2,2,-2,-4,-4,6,0,0,6,49,1022,10,0.0,0.0,6.9,-6,66,1,46085
2020-12-12,1,1,-5,-6,-6,6,-2,-2,5,54,1022,8,0.0,0.0,3.4,-8,69,1,46085
2020-12-13,2,2,-5,-6,-6,6,-3,-2,7,233,1024,10,0.0,0.0,8.7,-8,65,2,46085
2020-12-14,-5,-5,-10,-13,-13,6,-7,-7,10,98,1026,13,0.0,0.0,3.4,-17,47,1,46085
2020-12-15,-1,-1,-7,-8,-8,4,-4,-3,7,142,1022,10,0.9,0.7,3.4,-8,76,1,46085
2020-12-16,6,6,-6,-5,-5,6,-1,0,8,224,1014,14,0.0,0.0,6.9,-6,72,1,46085
2020-12-17,5,5,-5,-4,-4,6,0,0,9,212,1015,15,0.0,0.0,8.7,-5,71,2,46085
2020-12-18,5,5,-4,-2,-2,6,2,3,12,282,1013,19,0.0,0.0,8.7,-6,55,1,46085
2020-12-19,6,6,-7,-4,-4,6,-1,-1,6,212,1016,11,0.0,0.0,6.9,-10,54,1,46085
2020-12-20,9,9,-1,0,0,6,4,4,11,267,1011,21,0.1,0.0,8.7,-5,56,2,46085
2020-12-21,7,7,2,1,1,6,5,5,13,282,1014,22,0.0,0.0,8.7,-7,42,2,46085
2020-12-22,18,18,1,6,6,6,9,11,16,199,1004,25,0.0,0.0,6.9,-6,43,3,46085
2020-12-23,-4,-4,-9,-12,-12,3,-4,-5,27,313,1010,36,3.7,0.0,3.4,-11,60,1,46085
2020-12-24,-11,-11,-17,-20,-20,6,-14,-14,7,275,1023,12,0.0,0.0,8.7,-15,87,2,46085
2020-12-25,1,1,-13,-8,-8,6,-4,-2,6,253,1016,13,0.0,0.0,8.7,-7,81,2,46085
2020-12-26,-5,-5,-12,-11,-11,5,-7,-7,5,113,1016,9,0.0,0.0,6.9,-8,92,1,46085
2020-12-27,-2,-2,-11,-11,-11,6,-6,-5,11,288,1017,18,0.0,0.0,8.7,-8,85,2,46085
2020-12-28,-6,-6,-14,-15,-15,6,-11,-10,5,216,1029,10,0.0,0.0,5.1,-12,88,1,46085
2020-12-29,-3,-3,-10,-11,-11,2,-5,-4,10,150,1021,16,12.9,10.2,3.4,-6,94,1,46085
2020-12-30,-6,-6,-12,-13,-13,6,-8,-9,7,244,1020,14,0.1,0.1,8.7,-10,85,2,46085
2020-12-31,-4,-4,-10,-10,-10,6,-7,-7,4,135,1019,7,0.0,0.0,8.7,-9,84,2,46085
2021-01-01,-1,-1,-8,-8,-8,6,-5,-4,4,284,1020,8,0.0,0.0,8.7,-7,85,2,46085
2021-01-02,2,2,-5,-6,-6,6,-2,-1,7,205,1015,14,0.0,0.0,8.7,-5,81,2,46085
2021-01-03,1,1,-5,-6,-6,6,-2,-1,6,258,1011,11,0.0,0.0,8.7,-4,85,2,46085
2021-01-04,2,2,-3,-4,-4,6,0,0,7,262,1016,15,0.0,0.0,8.7,-3,77,2,46085
2021-01-05,2,2,-2,-4,-4,5,0,0,9,150,1011,15,0.1,0.0,6.9,-3,85,1,46085
2021-01-06,0,0,-7,-6,-6,5,-1,-1,10,335,1019,16,0.1,0.0,3.4,-2,91,1,46085
2021-01-07,2,2,-2,-2,-2,3,1,1,6,134,1025,9,0.2,0.0,3.4,0,97,1,46085
2021-01-08,1,1,-1,-4,-4,5,0,0,9,138,1026,13,0.1,0.0,3.4,-1,92,1,46085
2021-01-09,1,1,-1,-3,-3,4,0,0,6,111,1028,9,1.0,0.8,3.4,-1,92,1,46085
2021-01-10,1,1,-3,-3,-3,4,-2,-1,4,219,1029,7,0.4,0.3,8.7,-3,90,1,46085
2021-01-11,6,6,-2,-3,-3,6,1,2,8,253,1020,16,0.0,0.0,8.7,-3,73,2,46085
2021-01-12,8,8,0,0,0,6,3,4,6,249,1017,12,0.0,0.0,8.7,-4,62,2,46085
2021-01-13,11,11,2,3,3,6,6,7,7,249,1006,14,0.0,0.0,8.7,-2,59,3,46085
2021-01-14,4,4,1,-3,-3,4,3,3,21,300,1009,33,4.7,0.1,8.7,-6,51,1,46085
2021-01-15,-2,-2,-4,-10,-10,4,-3,-3,22,330,1018,29,0.0,0.0,3.4,-8,67,1,46085
2021-01-16,0,0,-5,-8,-8,6,-3,-3,8,318,1018,13,0.0,0.0,3.4,-9,66,1,46085
2021-01-17,2,2,-2,-5,-5,6,0,0,9,294,1015,16,0.0,0.0,8.7,-5,73,2,46085
2021-01-18,1,1,-3,-4,-4,4,-1,-1,6,185,1016,10,2.6,1.8,3.5,-4,82,1,46085
2021-01-19,1,1,-4,-7,-7,4,-1,-1,12,289,1024,18,0.4,0.3,3.5,-5,80,1,46085
2021-01-20,8,8,-2,-2,-2,6,3,4,13,253,1012,22,0.0,0.0,8.7,-6,52,2,46085
2021-01-21,2,2,-3,-5,-5,6,0,0,12,302,1016,19,0.0,0.0,8.7,-8,59,2,46085
2021-01-22,-3,-3,-7,-9,-9,6,-5,-5,5,269,1025,7,0.0,0.0,5.2,-13,55,1,46085
2021-01-23,-1,-1,-4,-7,-7,2,-3,-2,8,149,1017,12,19.1,14.6,3.5,-4,94,1,46085
2021-01-24,-7,-7,-11,-13,-13,4,-8,-8,7,138,1019,10,0.5,0.3,3.5,-9,94,1,46085
2021-01-25,-9,-9,-11,-16,-16,4,-10,-10,10,81,1018,14,0.6,0.5,3.5,-11,89,1,46085
2021-01-26,-10,-10,-14,-19,-19,6,-12,-12,7,39,1024,10,0.0,0.0,3.5,-14,87,1,46085
2021-01-27,-10,-10,-15,-20,-20,6,-13,-13,10,125,1031,15,0.1,0.0,5.3,-14,92,1,46085
2021-01-28,-1,-1,-10,-13,-13,6,-6,-5,11,150,1024,21,0.0,0.0,8.7,-8,90,2,46085
2021-01-29,-1,-1,-6,-9,-9,6,-4,-3,9,119,1013,16,0.0,0.0,7.0,-5,92,1,46085
2021-01-30,-1,-1,-3,-6,-6,3,-2,-1,9,245,1010,14,0.5,0.3,3.7,-2,95,1,46085
2021-01-31,-2,-2,-7,-9,-9,5,-5,-5,7,294,1025,12,0.3,0.3,8.7,-6,91,1,46085
2021-02-01,0,0,-6,-7,-7,6,-3,-3,6,156,1025,11,0.0,0.0,8.7,-5,86,2,46085
2021-02-02,0,0,-4,-5,-5,5,-3,-2,5,142,1018,10,0.0,0.0,8.7,-4,91,2,46085
2021-02-03,5,5,-3,-2,-2,4,1,2,6,207,1006,12,0.0,0.0,5.4,0,92,1,46085
2021-02-04,-5,-5,-8,-14,-14,4,-6,-7,18,324,1013,25,2.1,0.2,8.7,-10,73,1,46085
2021-02-05,-6,-6,-10,-15,-15,6,-8,-8,11,299,1015,15,0.0,0.0,3.8,-13,68,1,46085
2021-02-06,-13,-13,-15,-22,-22,6,-14,-14,10,224,1026,13,0.0,0.0,7.1,-20,61,1,46085
2021-02-07,-15,-15,-17,-25,-25,3,-16,-16,10,91,1027,12,2.7,2.2,3.8,-19,83,1,46085
2021-02-08,-14,-14,-19,-21,-21,4,-16,-16,4,166,1029,5,0.1,0.0,5.3,-18,86,1,46085
2021-02-09,-12,-12,-17,-19,-19,6,-15,-14,4,249,1032,7,0.0,0.0,5.3,-18,76,1,46085
2021-02-10,-13,-13,-16,-19,-19,5,-14,-14,4,118,1035,6,0.3,0.1,5.3,-17,84,1,46085
2021-02-11,-15,-15,-18,-23,-23,3,-16,-16,7,77,1040,9,2.2,1.8,5.3,-18,88,1,46085
2021-02-12,-17,-17,-22,-26,-26,6,-20,-20,6,288,1042,8,0.1,0.1,5.3,-23,78,1,46085
2021-02-13,-17,-17,-21,-26,-26,6,-19,-19,6,283,1039,9,0.1,0.0,5.3,-21,83,1,46085
2021-02-14,-19,-19,-24,-27,-27,6,-22,-22,4,146,1044,6,0.0,0.0,6.9,-24,81,1,46085
2021-02-15,-19,-19,-25,-31,-31,6,-22,-22,8,144,1035,12,0.0,0.0,6.9,-24,86,1,46085
2021-02-16,-17,-17,-25,-32,-32,4,-21,-21,14,133,1023,19,0.6,0.3,6.9,-23,89,1,46085
2021-02-17,-11,-11,-18,-21,-21,5,-15,-14,7,202,1023,10,0.3,0.3,5.4,-17,87,1,46085
2021-02-18,-8,-8,-17,-17,-17,5,-13,-11,6,257,1030,9,0.0,0.0,10.8,-15,85,1,46085
2021-02-19,-7,-7,-14,-16,-16,5,-11,-10,6,189,1025,9,0.0,0.0,10.1,-13,87,2,46085
2021-02-20,1,1,-10,-9,-9,6,-5,-4,7,151,1018,13,0.0,0.0,7.0,-7,88,1,46085
